file,gene
NSDB/converted-nifH.fasta,nifH
NSDB/converted-nifD.fasta,nifD
NSDB/converted-nifK.fasta,nifK
NFixDB/nifH_anfH_vnfH_12192023.faa,nifH
NFixDB/nifD_anfD_vnfD_12192023.faa,nifD
NFixDB/nifK_anfK_vnfK_12192023.faa,nifK
NFixPlanet_db_r1.0/NFixPlanet_r1.0_gene_db/nifH_anfH_vnfH.faa,nifH
NFixPlanet_db_r1.0/NFixPlanet_r1.0_gene_db/nifD_anfD_vnfD.faa,nifD
NFixPlanet_db_r1.0/NFixPlanet_r1.0_gene_db/nifK_anfK_vnfK.faa,nifK
Nif_finder/true-nifH.faa,nifH
Nif_finder/true-nifD.faa,nifD
Nif_finder/true-nifK.faa,nifK
Nfl/nflH.fasta,nifH
Nfl/nflD.fasta,nifD
Nfl/nflK.fasta,nifK
../results/final/fastas/final_nifH_anfH_vnfH.fasta,nifH
../results/final/fastas/final_nifD_anfD_vnfD.fasta,nifD
../results/final/fastas/final_nifK_anfK_vnfK.fasta,nifK
