,G10,K11,G12,G13,G15,K16,S17,D40,K42,D44,C98,D130,C133,hit,contig,score
nifH_Q4PJU6,G,K,G,G,G,K,S,D,K,D,C,D,C,nifH_Q4PJU6,nifH,26.0
nifH_O07641,G,K,G,G,G,K,S,D,K,D,C,D,C,nifH_O07641,nifH,26.0
nifH_A0A1F6QPW2,G,K,G,G,G,K,S,D,K,D,C,D,C,nifH_A0A1F6QPW2,nifH,26.0
NZ_OZ221291.1_1747|nifH,G,K,G,G,G,K,S,D,K,D,C,D,C,NZ_OZ221291.1_1747|nifH,NZ_OZ221291.1,26.0
NZ_OW485601.1_863|nifH,G,K,G,G,G,K,S,D,K,D,C,D,C,NZ_OW485601.1_863|nifH,NZ_OW485601.1,26.0
NZ_LT629751.1_2346|nifH,G,K,G,G,G,K,S,D,K,D,C,D,C,NZ_LT629751.1_2346|nifH,NZ_LT629751.1,26.0
NZ_HG938354.1_1039|nifH,G,K,G,G,G,K,S,D,K,D,C,D,C,NZ_HG938354.1_1039|nifH,NZ_HG938354.1,26.0
NZ_CP181318.1_1557|nifH,G,K,G,G,G,K,S,D,K,D,C,D,C,NZ_CP181318.1_1557|nifH,NZ_CP181318.1,26.0
NZ_CP170504.1_6044|nifH,G,K,G,G,G,K,S,D,K,D,C,D,C,NZ_CP170504.1_6044|nifH,NZ_CP170504.1,26.0
NZ_CP158568.1_2201|nifH,G,K,G,G,G,K,S,D,K,D,C,D,C,NZ_CP158568.1_2201|nifH,NZ_CP158568.1,26.0
NZ_CP156084.1_2645|nifH,G,K,G,G,G,K,S,D,K,D,C,D,C,NZ_CP156084.1_2645|nifH,NZ_CP156084.1,26.0
NZ_CP149817.1_2904|nifH,G,K,G,G,G,K,S,D,K,D,C,D,C,NZ_CP149817.1_2904|nifH,NZ_CP149817.1,26.0
NZ_CP141049.1_802|nifH,G,K,G,G,G,K,S,D,K,D,C,D,C,NZ_CP141049.1_802|nifH,NZ_CP141049.1,26.0
NZ_CP139482.1_3159|nifH,G,K,G,G,G,K,S,D,K,D,C,D,C,NZ_CP139482.1_3159|nifH,NZ_CP139482.1,26.0
NZ_CP133656.1_2090|nifH,G,K,G,G,G,K,S,D,K,D,C,D,C,NZ_CP133656.1_2090|nifH,NZ_CP133656.1,26.0
NZ_CP127527.1_2751|nifH,G,K,G,G,G,K,S,D,K,D,C,D,C,NZ_CP127527.1_2751|nifH,NZ_CP127527.1,26.0
NZ_CP125297.1_13|nifH,G,K,G,G,G,K,S,D,K,D,C,D,C,NZ_CP125297.1_13|nifH,NZ_CP125297.1,26.0
NZ_CP121661.1_314|nifH,G,K,G,G,G,K,S,D,K,D,C,D,C,NZ_CP121661.1_314|nifH,NZ_CP121661.1,26.0
NZ_CP120369.1_28|nifH,G,K,G,G,G,K,S,D,K,D,C,D,C,NZ_CP120369.1_28|nifH,NZ_CP120369.1,26.0
NZ_CP116458.1_1277|nifH,G,K,G,G,G,K,S,D,K,D,C,D,C,NZ_CP116458.1_1277|nifH,NZ_CP116458.1,26.0
NZ_CP110921.1_2229|nifH,G,K,G,G,G,K,S,D,K,D,C,D,C,NZ_CP110921.1_2229|nifH,NZ_CP110921.1,26.0
NZ_CP104156.1_317|nifH,G,K,G,G,G,K,S,D,K,D,C,D,C,NZ_CP104156.1_317|nifH,NZ_CP104156.1,26.0
NZ_CP104145.1_280|nifH,G,K,G,G,G,K,S,D,K,D,C,D,C,NZ_CP104145.1_280|nifH,NZ_CP104145.1,26.0
NZ_CP092109.1_253|nifH,G,K,G,G,G,K,S,D,K,D,C,D,C,NZ_CP092109.1_253|nifH,NZ_CP092109.1,26.0
NZ_CP088285.1_4502|nifH,G,K,G,G,G,K,S,D,K,D,C,D,C,NZ_CP088285.1_4502|nifH,NZ_CP088285.1,26.0
NZ_CP088151.1_1931|nifH,G,K,G,G,G,K,S,D,K,D,C,D,C,NZ_CP088151.1_1931|nifH,NZ_CP088151.1,26.0
NZ_CP086111.1_3289|nifH,G,K,G,G,G,K,S,D,K,D,C,D,C,NZ_CP086111.1_3289|nifH,NZ_CP086111.1,26.0
NZ_CP083633.1_810|nifH,G,K,G,G,G,K,S,D,K,D,C,D,C,NZ_CP083633.1_810|nifH,NZ_CP083633.1,26.0
NZ_CP075188.1_946|nifH,G,K,G,G,G,K,S,D,K,D,C,D,C,NZ_CP075188.1_946|nifH,NZ_CP075188.1,26.0
NZ_CP072801.1_1411|nifH,G,K,G,G,G,K,S,D,K,D,C,D,C,NZ_CP072801.1_1411|nifH,NZ_CP072801.1,26.0
NZ_CP071615.1_8|nifH,G,K,G,G,G,K,S,D,K,D,C,D,C,NZ_CP071615.1_8|nifH,NZ_CP071615.1,26.0
NZ_CP071458.1_202|nifH,G,K,G,G,G,K,S,D,K,D,C,D,C,NZ_CP071458.1_202|nifH,NZ_CP071458.1,26.0
NZ_CP069162.1_69|nifH,G,K,G,G,G,K,S,D,K,D,C,D,C,NZ_CP069162.1_69|nifH,NZ_CP069162.1,26.0
NZ_CP066699.1_1393|nifH,G,K,G,G,G,K,S,D,K,D,C,D,C,NZ_CP066699.1_1393|nifH,NZ_CP066699.1,26.0
NZ_CP064782.1_76|nifH,G,K,G,G,G,K,S,D,K,D,C,D,C,NZ_CP064782.1_76|nifH,NZ_CP064782.1,26.0
NZ_CP063425.1_2161|nifH,G,K,G,G,G,K,S,D,K,D,C,D,C,NZ_CP063425.1_2161|nifH,NZ_CP063425.1,26.0
NZ_CP059488.1_1584|nifH,G,K,G,G,G,K,S,D,K,D,C,D,C,NZ_CP059488.1_1584|nifH,NZ_CP059488.1,26.0
NZ_CP054030.1_248|nifH,G,K,G,G,G,K,S,D,K,D,C,D,C,NZ_CP054030.1_248|nifH,NZ_CP054030.1,26.0
NZ_CP053676.1_2622|nifH,G,K,G,G,G,K,S,D,K,D,C,D,C,NZ_CP053676.1_2622|nifH,NZ_CP053676.1,26.0
NZ_CP053444.1_109|nifH,G,K,G,G,G,K,S,D,K,D,C,D,C,NZ_CP053444.1_109|nifH,NZ_CP053444.1,26.0
NZ_CP050508.1_2569|nifH,G,K,G,G,G,K,S,D,K,D,C,D,C,NZ_CP050508.1_2569|nifH,NZ_CP050508.1,26.0
NZ_CP048029.1_2422|nifH,G,K,G,G,G,K,S,D,K,D,C,D,C,NZ_CP048029.1_2422|nifH,NZ_CP048029.1,26.0
NZ_CP046052.1_70|nifH,G,K,G,G,G,K,S,D,K,D,C,D,C,NZ_CP046052.1_70|nifH,NZ_CP046052.1,26.0
NZ_CP044222.1_50|nifH,G,K,G,G,G,K,S,D,K,D,C,D,C,NZ_CP044222.1_50|nifH,NZ_CP044222.1,26.0
NZ_CP042968.1_5061|nifH,G,K,G,G,G,K,S,D,K,D,C,D,C,NZ_CP042968.1_5061|nifH,NZ_CP042968.1,26.0
NZ_CP040392.1_2810|nifH,G,K,G,G,G,K,S,D,K,D,C,D,C,NZ_CP040392.1_2810|nifH,NZ_CP040392.1,26.0
NZ_CP035467.1_3338|nifH,G,K,G,G,G,K,S,D,K,D,C,D,C,NZ_CP035467.1_3338|nifH,NZ_CP035467.1,26.0
NZ_CP034999.1_526|nifH,G,K,G,G,G,K,S,D,K,D,C,D,C,NZ_CP034999.1_526|nifH,NZ_CP034999.1,26.0
NZ_CP034036.1_1924|nifH,G,K,G,G,G,K,S,D,K,D,C,D,C,NZ_CP034036.1_1924|nifH,NZ_CP034036.1,26.0
NZ_CP032696.1_240|nifH,G,K,G,G,G,K,S,D,K,D,C,D,C,NZ_CP032696.1_240|nifH,NZ_CP032696.1,26.0
NZ_CP030054.1_501|nifH,G,K,G,G,G,K,S,D,K,D,C,D,C,NZ_CP030054.1_501|nifH,NZ_CP030054.1,26.0
NZ_CP029829.1_496|nifH,G,K,G,G,G,K,S,D,K,D,C,D,C,NZ_CP029829.1_496|nifH,NZ_CP029829.1,26.0
NZ_CP029426.2_554|nifH,G,K,G,G,G,K,S,D,K,D,C,D,C,NZ_CP029426.2_554|nifH,NZ_CP029426.2,26.0
NZ_CP029331.1_1581|nifH,G,K,G,G,G,K,S,D,K,D,C,D,C,NZ_CP029331.1_1581|nifH,NZ_CP029331.1,26.0
NZ_CP024996.1_2497|nifH,G,K,G,G,G,K,S,D,K,D,C,D,C,NZ_CP024996.1_2497|nifH,NZ_CP024996.1,26.0
NZ_CP023467.1_3769|nifH,G,K,G,G,G,K,S,D,K,D,C,D,C,NZ_CP023467.1_3769|nifH,NZ_CP023467.1,26.0
NZ_CP022991.1_2|nifH,G,K,G,G,G,K,S,D,K,D,C,D,C,NZ_CP022991.1_2|nifH,NZ_CP022991.1,26.0
NZ_CP022221.1_2028|nifH,G,K,G,G,G,K,S,D,K,D,C,D,C,NZ_CP022221.1_2028|nifH,NZ_CP022221.1,26.0
NZ_CP020470.1_1248|nifH,G,K,G,G,G,K,S,D,K,D,C,D,C,NZ_CP020470.1_1248|nifH,NZ_CP020470.1,26.0
NZ_CP017565.2_238|nifH,G,K,G,G,G,K,S,D,K,D,C,D,C,NZ_CP017565.2_238|nifH,NZ_CP017565.2,26.0
NZ_CP017448.1_862|nifH,G,K,G,G,G,K,S,D,K,D,C,D,C,NZ_CP017448.1_862|nifH,NZ_CP017448.1,26.0
NZ_CP016027.1_324|nifH,G,K,G,G,G,K,S,D,K,D,C,D,C,NZ_CP016027.1_324|nifH,NZ_CP016027.1,26.0
NZ_CP015322.1_414|nifH,G,K,G,G,G,K,S,D,K,D,C,D,C,NZ_CP015322.1_414|nifH,NZ_CP015322.1,26.0
NZ_CP015064.1_946|nifH,G,K,G,G,G,K,S,D,K,D,C,D,C,NZ_CP015064.1_946|nifH,NZ_CP015064.1,26.0
NZ_CP014007.2_2644|nifH,G,K,G,G,G,K,S,D,K,D,C,D,C,NZ_CP014007.2_2644|nifH,NZ_CP014007.2,26.0
NZ_CP013535.1_254|nifH,G,K,G,G,G,K,S,D,K,D,C,D,C,NZ_CP013535.1_254|nifH,NZ_CP013535.1,26.0
NZ_CP013502.1_267|nifH,G,K,G,G,G,K,S,D,K,D,C,D,C,NZ_CP013502.1_267|nifH,NZ_CP013502.1,26.0
NZ_CP012401.1_97|nifH,G,K,G,G,G,K,S,D,K,D,C,D,C,NZ_CP012401.1_97|nifH,NZ_CP012401.1,26.0
NZ_CP011602.1_1707|nifH,G,K,G,G,G,K,S,D,K,D,C,D,C,NZ_CP011602.1_1707|nifH,NZ_CP011602.1,26.0
NZ_CP010802.1_2532|nifH,G,K,G,G,G,K,S,D,K,D,C,D,C,NZ_CP010802.1_2532|nifH,NZ_CP010802.1,26.0
NZ_CP007793.1_1947|nifH,G,K,G,G,G,K,S,D,K,D,C,D,C,NZ_CP007793.1_1947|nifH,NZ_CP007793.1,26.0
NZ_CP006879.1_258|nifH,G,K,G,G,G,K,S,D,K,D,C,D,C,NZ_CP006879.1_258|nifH,NZ_CP006879.1,26.0
NZ_AP024861.1_446|nifH,G,K,G,G,G,K,S,D,K,D,C,D,C,NZ_AP024861.1_446|nifH,NZ_AP024861.1,26.0
NZ_AP023032.1_2185|nifH,G,K,G,G,G,K,S,D,K,D,C,D,C,NZ_AP023032.1_2185|nifH,NZ_AP023032.1,26.0
NZ_AP021881.1_419|nifH,G,K,G,G,G,K,S,D,K,D,C,D,C,NZ_AP021881.1_419|nifH,NZ_AP021881.1,26.0
NZ_AP018907.1_1154|nifH,G,K,G,G,G,K,S,D,K,D,C,D,C,NZ_AP018907.1_1154|nifH,NZ_AP018907.1,26.0
NZ_AP017372.2_1211|nifH,G,K,G,G,G,K,S,D,K,D,C,D,C,NZ_AP017372.2_1211|nifH,NZ_AP017372.2,26.0
NC_020061.1_289|nifH,G,K,G,G,G,K,S,D,K,D,C,D,C,NC_020061.1_289|nifH,NC_020061.1,26.0
NC_018696.1_721|nifH,G,K,G,G,G,K,S,D,K,D,C,D,C,NC_018696.1_721|nifH,NC_018696.1,26.0
NC_017094.1_2368|nifH,G,K,G,G,G,K,S,D,K,D,C,D,C,NC_017094.1_2368|nifH,NC_017094.1,26.0
NC_017059.1_2846|nifH,G,K,G,G,G,K,S,D,K,D,C,D,C,NC_017059.1_2846|nifH,NC_017059.1,26.0
NC_015675.1_6350|nifH,G,K,G,G,G,K,S,D,K,D,C,D,C,NC_015675.1_6350|nifH,NC_015675.1,26.0
NC_013959.1_878|nifH,G,K,G,G,G,K,S,D,K,D,C,D,C,NC_013959.1_878|nifH,NC_013959.1,26.0
NC_013194.1_4440|nifH,G,K,G,G,G,K,S,D,K,D,C,D,C,NC_013194.1_4440|nifH,NC_013194.1,26.0
NC_011894.1_3950|nifH,G,K,G,G,G,K,S,D,K,D,C,D,C,NC_011894.1_3950|nifH,NC_011894.1,26.0
NC_011365.1_1575|nifH,G,K,G,G,G,K,S,D,K,D,C,D,C,NC_011365.1_1575|nifH,NC_011365.1,26.0
NC_010627.1_490|nifH,G,K,G,G,G,K,S,D,K,D,C,D,C,NC_010627.1_490|nifH,NC_010627.1,26.0
NC_008789.1_281|nifH,G,K,G,G,G,K,S,D,K,D,C,D,C,NC_008789.1_281|nifH,NC_008789.1,26.0
NC_008381.1_159|nifH,G,K,G,G,G,K,S,D,K,D,C,D,C,NC_008381.1_159|nifH,NC_008381.1,26.0
NC_007777.1_4721|nifH,G,K,G,G,G,K,S,D,K,D,C,D,C,NC_007777.1_4721|nifH,NC_007777.1,26.0
NC_007493.2_2164|nifH,G,K,G,G,G,K,S,D,K,D,C,D,C,NC_007493.2_2164|nifH,NC_007493.2,26.0
NC_004041.2_196|nifH,G,K,G,G,G,K,S,D,K,D,C,D,C,NC_004041.2_196|nifH,NC_004041.2,26.0
NZ_OU594967.1_2245|nifH,G,K,G,G,G,K,S,D,K,D,C,D,C,NZ_OU594967.1_2245|nifH,NZ_OU594967.1,26.0
NZ_CP149939.1_3357|nifH,G,K,G,G,G,K,S,D,K,D,C,D,C,NZ_CP149939.1_3357|nifH,NZ_CP149939.1,26.0
NZ_CP129884.1_3455|nifH,G,K,G,G,G,K,S,D,K,D,C,D,C,NZ_CP129884.1_3455|nifH,NZ_CP129884.1,26.0
NZ_CP089309.1_1615|nifH,G,K,G,G,G,K,S,D,K,D,C,D,C,NZ_CP089309.1_1615|nifH,NZ_CP089309.1,26.0
NZ_CP076607.1_1686|nifH,G,K,G,G,G,K,S,D,K,D,C,D,C,NZ_CP076607.1_1686|nifH,NZ_CP076607.1,26.0
NZ_CP048429.1_475|nifH,G,K,G,G,G,K,S,D,K,D,C,D,C,NZ_CP048429.1_475|nifH,NZ_CP048429.1,26.0
NZ_CP045298.1_3125|nifH,G,K,G,G,G,K,S,D,K,D,C,D,C,NZ_CP045298.1_3125|nifH,NZ_CP045298.1,26.0
NZ_CP021780.1_5208|nifH,G,K,G,G,G,K,S,D,K,D,C,D,C,NZ_CP021780.1_5208|nifH,NZ_CP021780.1,26.0
NZ_CP015518.1_2162|nifH,G,K,G,G,G,K,S,D,K,D,C,D,C,NZ_CP015518.1_2162|nifH,NZ_CP015518.1,26.0
NZ_CP010803.1_3099|nifH,G,K,G,G,G,K,S,D,K,D,C,D,C,NZ_CP010803.1_3099|nifH,NZ_CP010803.1,26.0
NZ_CP009288.1_4446|nifH,G,K,G,G,G,K,S,D,K,D,C,D,C,NZ_CP009288.1_4446|nifH,NZ_CP009288.1,26.0
NZ_CP009288.1_1206|nifH,G,K,G,G,G,K,S,D,K,D,C,D,C,NZ_CP009288.1_1206|nifH,NZ_CP009288.1,26.0
NZ_CP009286.1_4038|nifH,G,K,G,G,G,K,S,D,K,D,C,D,C,NZ_CP009286.1_4038|nifH,NZ_CP009286.1,26.0
NZ_CP004078.1_4086|nifH,G,K,G,G,G,K,S,D,K,D,C,D,C,NZ_CP004078.1_4086|nifH,NZ_CP004078.1,26.0
NZ_CM001441.1_4629|nifH,G,K,G,G,G,K,S,D,K,D,C,D,C,NZ_CM001441.1_4629|nifH,NZ_CM001441.1,26.0
NZ_AP024883.1_1568|nifH,G,K,G,G,G,K,S,D,K,D,C,D,C,NZ_AP024883.1_1568|nifH,NZ_AP024883.1,26.0
NZ_AP019536.1_1060|nifH,G,K,G,G,G,K,S,D,K,D,C,D,C,NZ_AP019536.1_1060|nifH,NZ_AP019536.1,26.0
NC_018068.1_3914|nifH,G,K,G,G,G,K,S,D,K,D,C,D,C,NC_018068.1_3914|nifH,NC_018068.1,26.0
NC_014034.1_568|nifH,G,K,G,G,G,K,S,D,K,D,C,D,C,NC_014034.1_568|nifH,NC_014034.1,26.0
NC_009937.1_3520|nifH,G,K,G,G,G,K,S,D,K,D,C,D,C,NC_009937.1_3520|nifH,NC_009937.1,26.0
nifH_A0A166T5N7,G,K,G,G,G,K,S,D,K,D,C,D,C,nifH_A0A166T5N7,nifH,26.0
NZ_OW485601.1_4734|nifH,G,K,G,G,G,K,S,D,K,D,C,D,C,NZ_OW485601.1_4734|nifH,NZ_OW485601.1,26.0
NZ_LT984808.1_275|nifH,G,K,G,G,G,K,S,D,K,D,C,D,C,NZ_LT984808.1_275|nifH,NZ_LT984808.1,26.0
NZ_CP139089.1_1950|nifH,G,K,G,G,G,K,S,D,K,D,C,D,C,NZ_CP139089.1_1950|nifH,NZ_CP139089.1,26.0
NZ_CP129212.1_6802|nifH,G,K,G,G,G,K,S,D,K,D,C,D,C,NZ_CP129212.1_6802|nifH,NZ_CP129212.1,26.0
NZ_CP088156.1_6779|nifH,G,K,G,G,G,K,S,D,K,D,C,D,C,NZ_CP088156.1_6779|nifH,NZ_CP088156.1,26.0
NZ_CP076134.1_1650|nifH,G,K,G,G,G,K,S,D,K,D,C,D,C,NZ_CP076134.1_1650|nifH,NZ_CP076134.1,26.0
NZ_CP066699.1_1457|nifH,G,K,G,G,G,K,S,D,K,D,C,D,C,NZ_CP066699.1_1457|nifH,NZ_CP066699.1,26.0
NZ_CP054856.1_1714|nifH,G,K,G,G,G,K,S,D,K,D,C,D,C,NZ_CP054856.1_1714|nifH,NZ_CP054856.1,26.0
NZ_CP045300.1_210|nifH,G,K,G,G,G,K,S,D,K,D,C,D,C,NZ_CP045300.1_210|nifH,NZ_CP045300.1,26.0
NZ_CP022110.1_1034|nifH,G,K,G,G,G,K,S,D,K,D,C,D,C,NZ_CP022110.1_1034|nifH,NZ_CP022110.1,26.0
NZ_CP012946.1_2848|nifH,G,K,G,G,G,K,S,D,K,D,C,D,C,NZ_CP012946.1_2848|nifH,NZ_CP012946.1,26.0
NZ_CP009288.1_2561|nifH,G,K,G,G,G,K,S,D,K,D,C,D,C,NZ_CP009288.1_2561|nifH,NZ_CP009288.1,26.0
NZ_CP004078.1_2358|nifH,G,K,G,G,G,K,S,D,K,D,C,D,C,NZ_CP004078.1_2358|nifH,NZ_CP004078.1,26.0
NZ_AP027149.1_176|nifH,G,K,G,G,G,K,S,D,K,D,C,D,C,NZ_AP027149.1_176|nifH,NZ_AP027149.1,26.0
NZ_AP017928.1_5260|nifH,G,K,G,G,G,K,S,D,K,D,C,D,C,NZ_AP017928.1_5260|nifH,NZ_AP017928.1,26.0
NC_020453.1_2237|nifH,G,K,G,G,G,K,S,D,K,D,C,D,C,NC_020453.1_2237|nifH,NC_020453.1,26.0
NC_017059.1_3428|nifH,G,K,G,G,G,K,S,D,K,D,C,D,C,NC_017059.1_3428|nifH,NC_017059.1,26.0
NC_014664.1_1948|nifH,G,K,G,G,G,K,S,D,K,D,C,D,C,NC_014664.1_1948|nifH,NC_014664.1,26.0
NC_012880.1_2596|nifH,G,K,G,G,G,K,S,D,K,D,C,D,C,NC_012880.1_2596|nifH,NC_012880.1,26.0
NC_010581.1_486|nifH,G,K,G,G,G,K,S,D,K,D,C,D,C,NC_010581.1_486|nifH,NC_010581.1,26.0
NC_007643.1_813|nifH,G,K,G,G,G,K,S,D,K,D,C,D,C,NC_007643.1_813|nifH,NC_007643.1,26.0
NZ_CP158016.1_2790|nifH,G,K,G,G,G,K,S,D,K,D,C,D,C,NZ_CP158016.1_2790|nifH,NZ_CP158016.1,26.0
NZ_CP009286.1_2180|nifH,G,K,G,G,G,K,S,D,K,D,C,D,C,NZ_CP009286.1_2180|nifH,NZ_CP009286.1,26.0
NC_007643.1_1429|nifH,G,K,G,G,G,K,S,D,K,D,C,D,C,NC_007643.1_1429|nifH,NC_007643.1,26.0
reference,G,K,G,G,G,K,S,D,K,D,C,D,C,nifH,,26.0
nifH_Q2JTL7,G,K,G,G,G,K,S,D,K,D,C,D,C,nifH_Q2JTL7,nifH,26.0
nifH_J7FKB4,G,K,G,G,G,K,S,D,K,D,C,D,C,nifH_J7FKB4,nifH,26.0
nifH_A0A1E5QEN2,G,K,G,G,G,K,S,D,K,D,C,D,C,nifH_A0A1E5QEN2,nifH,26.0
NZ_OX458932.1_487|nifH,G,K,G,G,G,K,S,D,K,D,C,D,C,NZ_OX458932.1_487|nifH,NZ_OX458932.1,26.0
NZ_OW485601.1_267|nifH,G,K,G,G,G,K,S,D,K,D,C,D,C,NZ_OW485601.1_267|nifH,NZ_OW485601.1,26.0
NZ_LS398110.1_6695|nifH,G,K,G,G,G,K,S,D,K,D,C,D,C,NZ_LS398110.1_6695|nifH,NZ_LS398110.1,26.0
NZ_CP183834.1_829|nifH,G,K,G,G,G,K,S,D,K,D,C,D,C,NZ_CP183834.1_829|nifH,NZ_CP183834.1,26.0
NZ_CP180219.1_149|nifH,G,K,G,G,G,K,S,D,K,D,C,D,C,NZ_CP180219.1_149|nifH,NZ_CP180219.1,26.0
NZ_CP169721.1_1786|nifH,G,K,G,G,G,K,S,D,K,D,C,D,C,NZ_CP169721.1_1786|nifH,NZ_CP169721.1,26.0
NZ_CP158016.1_1062|nifH,G,K,G,G,G,K,S,D,K,D,C,D,C,NZ_CP158016.1_1062|nifH,NZ_CP158016.1,26.0
NZ_CP151843.1_1163|nifH,G,K,G,G,G,K,S,D,K,D,C,D,C,NZ_CP151843.1_1163|nifH,NZ_CP151843.1,26.0
NZ_CP146207.1_1463|nifH,G,K,G,G,G,K,S,D,K,D,C,D,C,NZ_CP146207.1_1463|nifH,NZ_CP146207.1,26.0
NZ_CP139971.1_1647|nifH,G,K,G,G,G,K,S,D,K,D,C,D,C,NZ_CP139971.1_1647|nifH,NZ_CP139971.1,26.0
NZ_CP135917.1_505|nifH,G,K,G,G,G,K,S,D,K,D,C,D,C,NZ_CP135917.1_505|nifH,NZ_CP135917.1,26.0
NZ_CP133151.1_258|nifH,G,K,G,G,G,K,S,D,K,D,C,D,C,NZ_CP133151.1_258|nifH,NZ_CP133151.1,26.0
NZ_CP127523.1_1521|nifH,G,K,G,G,G,K,S,D,K,D,C,D,C,NZ_CP127523.1_1521|nifH,NZ_CP127523.1,26.0
NZ_CP121669.1_6833|nifH,G,K,G,G,G,K,S,D,K,D,C,D,C,NZ_CP121669.1_6833|nifH,NZ_CP121669.1,26.0
NZ_CP120703.1_6105|nifH,G,K,G,G,G,K,S,D,K,D,C,D,C,NZ_CP120703.1_6105|nifH,NZ_CP120703.1,26.0
NZ_CP120366.1_1268|nifH,G,K,G,G,G,K,S,D,K,D,C,D,C,NZ_CP120366.1_1268|nifH,NZ_CP120366.1,26.0
NZ_CP115659.1_2569|nifH,G,K,G,G,G,K,S,D,K,D,C,D,C,NZ_CP115659.1_2569|nifH,NZ_CP115659.1,26.0
NZ_CP104173.1_5580|nifH,G,K,G,G,G,K,S,D,K,D,C,D,C,NZ_CP104173.1_5580|nifH,NZ_CP104173.1,26.0
NZ_CP104156.1_272|nifH,G,K,G,G,G,K,S,D,K,D,C,D,C,NZ_CP104156.1_272|nifH,NZ_CP104156.1,26.0
NZ_CP098802.1_314|nifH,G,K,G,G,G,K,S,D,K,D,C,D,C,NZ_CP098802.1_314|nifH,NZ_CP098802.1,26.0
NZ_CP090021.1_1160|nifH,G,K,G,G,G,K,S,D,K,D,C,D,C,NZ_CP090021.1_1160|nifH,NZ_CP090021.1,26.0
NZ_CP088282.1_4939|nifH,G,K,G,G,G,K,S,D,K,D,C,D,C,NZ_CP088282.1_4939|nifH,NZ_CP088282.1,26.0
NZ_CP088081.1_710|nifH,G,K,G,G,G,K,S,D,K,D,C,D,C,NZ_CP088081.1_710|nifH,NZ_CP088081.1,26.0
NZ_CP084768.1_1687|nifH,G,K,G,G,G,K,S,D,K,D,C,D,C,NZ_CP084768.1_1687|nifH,NZ_CP084768.1,26.0
NZ_CP080624.1_2801|nifH,G,K,G,G,G,K,S,D,K,D,C,D,C,NZ_CP080624.1_2801|nifH,NZ_CP080624.1,26.0
NZ_CP073587.1_2778|nifH,G,K,G,G,G,K,S,D,K,D,C,D,C,NZ_CP073587.1_2778|nifH,NZ_CP073587.1,26.0
NZ_CP072793.1_1972|nifH,G,K,G,G,G,K,S,D,K,D,C,D,C,NZ_CP072793.1_1972|nifH,NZ_CP072793.1,26.0
NZ_CP071608.1_115|nifH,G,K,G,G,G,K,S,D,K,D,C,D,C,NZ_CP071608.1_115|nifH,NZ_CP071608.1,26.0
NZ_CP071321.1_4139|nifH,G,K,G,G,G,K,S,D,K,D,C,D,C,NZ_CP071321.1_4139|nifH,NZ_CP071321.1,26.0
NZ_CP067420.1_1812|nifH,G,K,G,G,G,K,S,D,K,D,C,D,C,NZ_CP067420.1_1812|nifH,NZ_CP067420.1,26.0
NZ_CP066356.1_7097|nifH,G,K,G,G,G,K,S,D,K,D,C,D,C,NZ_CP066356.1_7097|nifH,NZ_CP066356.1,26.0
NZ_CP064782.1_1178|nifH,G,K,G,G,G,K,S,D,K,D,C,D,C,NZ_CP064782.1_1178|nifH,NZ_CP064782.1,26.0
NZ_CP062229.1_6904|nifH,G,K,G,G,G,K,S,D,K,D,C,D,C,NZ_CP062229.1_6904|nifH,NZ_CP062229.1,26.0
NZ_CP058354.1_1607|nifH,G,K,G,G,G,K,S,D,K,D,C,D,C,NZ_CP058354.1_1607|nifH,NZ_CP058354.1,26.0
NZ_CP054024.1_150|nifH,G,K,G,G,G,K,S,D,K,D,C,D,C,NZ_CP054024.1_150|nifH,NZ_CP054024.1,26.0
NZ_CP053676.1_1|nifH,G,K,G,G,G,K,S,D,K,D,C,D,C,NZ_CP053676.1_1|nifH,NZ_CP053676.1,26.0
NZ_CP051772.1_5994|nifH,G,K,G,G,G,K,S,D,K,D,C,D,C,NZ_CP051772.1_5994|nifH,NZ_CP051772.1,26.0
NZ_CP049332.1_438|nifH,G,K,G,G,G,K,S,D,K,D,C,D,C,NZ_CP049332.1_438|nifH,NZ_CP049332.1,26.0
NZ_CP047475.1_1189|nifH,G,K,G,G,G,K,S,D,K,D,C,D,C,NZ_CP047475.1_1189|nifH,NZ_CP047475.1,26.0
NZ_CP046052.1_3978|nifH,G,K,G,G,G,K,S,D,K,D,C,D,C,NZ_CP046052.1_3978|nifH,NZ_CP046052.1,26.0
NZ_CP044205.1_988|nifH,G,K,G,G,G,K,S,D,K,D,C,D,C,NZ_CP044205.1_988|nifH,NZ_CP044205.1,26.0
NZ_CP041247.1_3158|nifH,G,K,G,G,G,K,S,D,K,D,C,D,C,NZ_CP041247.1_3158|nifH,NZ_CP041247.1,26.0
NZ_CP039268.1_1845|nifH,G,K,G,G,G,K,S,D,K,D,C,D,C,NZ_CP039268.1_1845|nifH,NZ_CP039268.1,26.0
NZ_CP034999.1_619|nifH,G,K,G,G,G,K,S,D,K,D,C,D,C,NZ_CP034999.1_619|nifH,NZ_CP034999.1,26.0
NZ_CP034999.1_33|nifH,G,K,G,G,G,K,S,D,K,D,C,D,C,NZ_CP034999.1_33|nifH,NZ_CP034999.1,26.0
NZ_CP033507.1_6507|nifH,G,K,G,G,G,K,S,D,K,D,C,D,C,NZ_CP033507.1_6507|nifH,NZ_CP033507.1,26.0
NZ_CP031560.1_3824|nifH,G,K,G,G,G,K,S,D,K,D,C,D,C,NZ_CP031560.1_3824|nifH,NZ_CP031560.1,26.0
NZ_CP030052.1_336|nifH,G,K,G,G,G,K,S,D,K,D,C,D,C,NZ_CP030052.1_336|nifH,NZ_CP030052.1,26.0
NZ_CP029453.1_366|nifH,G,K,G,G,G,K,S,D,K,D,C,D,C,NZ_CP029453.1_366|nifH,NZ_CP029453.1,26.0
NZ_CP029425.2_6949|nifH,G,K,G,G,G,K,S,D,K,D,C,D,C,NZ_CP029425.2_6949|nifH,NZ_CP029425.2,26.0
NZ_CP025084.1_1028|nifH,G,K,G,G,G,K,S,D,K,D,C,D,C,NZ_CP025084.1_1028|nifH,NZ_CP025084.1,26.0
NZ_CP024955.1_1592|nifH,G,K,G,G,G,K,S,D,K,D,C,D,C,NZ_CP024955.1_1592|nifH,NZ_CP024955.1,26.0
NZ_CP023069.1_374|nifH,G,K,G,G,G,K,S,D,K,D,C,D,C,NZ_CP023069.1_374|nifH,NZ_CP023069.1,26.0
NZ_CP022423.1_581|nifH,G,K,G,G,G,K,S,D,K,D,C,D,C,NZ_CP022423.1_581|nifH,NZ_CP022423.1,26.0
NZ_CP022220.1_698|nifH,G,K,G,G,G,K,S,D,K,D,C,D,C,NZ_CP022220.1_698|nifH,NZ_CP022220.1,26.0
NZ_CP019936.1_1462|nifH,G,K,G,G,G,K,S,D,K,D,C,D,C,NZ_CP019936.1_1462|nifH,NZ_CP019936.1,26.0
NZ_CP017562.2_1325|nifH,G,K,G,G,G,K,S,D,K,D,C,D,C,NZ_CP017562.2_1325|nifH,NZ_CP017562.2,26.0
NZ_CP016428.1_5517|nifH,G,K,G,G,G,K,S,D,K,D,C,D,C,NZ_CP016428.1_5517|nifH,NZ_CP016428.1,26.0
NZ_CP015519.1_173|nifH,G,K,G,G,G,K,S,D,K,D,C,D,C,NZ_CP015519.1_173|nifH,NZ_CP015519.1,26.0
NZ_CP015285.1_571|nifH,G,K,G,G,G,K,S,D,K,D,C,D,C,NZ_CP015285.1_571|nifH,NZ_CP015285.1,26.0
NZ_CP014476.1_1262|nifH,G,K,G,G,G,K,S,D,K,D,C,D,C,NZ_CP014476.1_1262|nifH,NZ_CP014476.1,26.0
NZ_CP013535.1_346|nifH,G,K,G,G,G,K,S,D,K,D,C,D,C,NZ_CP013535.1_346|nifH,NZ_CP013535.1,26.0
NZ_CP013502.1_363|nifH,G,K,G,G,G,K,S,D,K,D,C,D,C,NZ_CP013502.1_363|nifH,NZ_CP013502.1,26.0
NZ_CP013109.1_136|nifH,G,K,G,G,G,K,S,D,K,D,C,D,C,NZ_CP013109.1_136|nifH,NZ_CP013109.1,26.0
NZ_CP012373.2_746|nifH,G,K,G,G,G,K,S,D,K,D,C,D,C,NZ_CP012373.2_746|nifH,NZ_CP012373.2,26.0
NZ_CP011360.1_1141|nifH,G,K,G,G,G,K,S,D,K,D,C,D,C,NZ_CP011360.1_1141|nifH,NZ_CP011360.1,26.0
NZ_CP009632.1_493|nifH,G,K,G,G,G,K,S,D,K,D,C,D,C,NZ_CP009632.1_493|nifH,NZ_CP009632.1,26.0
NZ_CP007215.2_2369|nifH,G,K,G,G,G,K,S,D,K,D,C,D,C,NZ_CP007215.2_2369|nifH,NZ_CP007215.2,26.0
NZ_CBYB010000054.1_17|nifH,G,K,G,G,G,K,S,D,K,D,C,D,C,NZ_CBYB010000054.1_17|nifH,NZ_CBYB010000054.1,26.0
NZ_AP024238.1_689|nifH,G,K,G,G,G,K,S,D,K,D,C,D,C,NZ_AP024238.1_689|nifH,NZ_AP024238.1,26.0
NZ_AP022853.1_966|nifH,G,K,G,G,G,K,S,D,K,D,C,D,C,NZ_AP022853.1_966|nifH,NZ_AP022853.1,26.0
NZ_AP019782.1_2617|nifH,G,K,G,G,G,K,S,D,K,D,C,D,C,NZ_AP019782.1_2617|nifH,NZ_AP019782.1,26.0
NZ_AP018795.1_2349|nifH,G,K,G,G,G,K,S,D,K,D,C,D,C,NZ_AP018795.1_2349|nifH,NZ_AP018795.1,26.0
NC_023065.1_334|nifH,G,K,G,G,G,K,S,D,K,D,C,D,C,NC_023065.1_334|nifH,NC_023065.1,26.0
NC_019973.1_5727|nifH,G,K,G,G,G,K,S,D,K,D,C,D,C,NC_019973.1_5727|nifH,NC_019973.1,26.0
NC_018696.1_669|nifH,G,K,G,G,G,K,S,D,K,D,C,D,C,NC_018696.1_669|nifH,NC_018696.1,26.0
NC_017082.1_4568|nifH,G,K,G,G,G,K,S,D,K,D,C,D,C,NC_017082.1_4568|nifH,NC_017082.1,26.0
NC_016819.1_109|nifH,G,K,G,G,G,K,S,D,K,D,C,D,C,NC_016819.1_109|nifH,NC_016819.1,26.0
NC_014836.1_694|nifH,G,K,G,G,G,K,S,D,K,D,C,D,C,NC_014836.1_694|nifH,NC_014836.1,26.0
NC_013943.1_1043|nifH,G,K,G,G,G,K,S,D,K,D,C,D,C,NC_013943.1_1043|nifH,NC_013943.1,26.0
NC_012880.1_491|nifH,G,K,G,G,G,K,S,D,K,D,C,D,C,NC_012880.1_491|nifH,NC_012880.1,26.0
NC_011761.1_1404|nifH,G,K,G,G,G,K,S,D,K,D,C,D,C,NC_011761.1_1404|nifH,NC_011761.1,26.0
NC_010794.1_1621|nifH,G,K,G,G,G,K,S,D,K,D,C,D,C,NC_010794.1_1621|nifH,NC_010794.1,26.0
NC_010524.1_1430|nifH,G,K,G,G,G,K,S,D,K,D,C,D,C,NC_010524.1_1430|nifH,NC_010524.1,26.0
NC_008781.1_2354|nifH,G,K,G,G,G,K,S,D,K,D,C,D,C,NC_008781.1_2354|nifH,NC_008781.1,26.0
NC_008278.1_6022|nifH,G,K,G,G,G,K,S,D,K,D,C,D,C,NC_008278.1_6022|nifH,NC_008278.1,26.0
NC_007643.1_1036|nifH,G,K,G,G,G,K,S,D,K,D,C,D,C,NC_007643.1_1036|nifH,NC_007643.1,26.0
NC_004041.2_299|nifH,G,K,G,G,G,K,S,D,K,D,C,D,C,NC_004041.2_299|nifH,NC_004041.2,26.0
NZ_OY762534.1_1461|nifH,G,K,G,G,G,K,S,D,K,D,C,D,C,NZ_OY762534.1_1461|nifH,NZ_OY762534.1,26.0
NZ_LN831776.1_5467|nifH,G,K,G,G,G,K,S,D,K,D,C,D,C,NZ_LN831776.1_5467|nifH,NZ_LN831776.1,26.0
NZ_CP136862.1_1844|nifH,G,K,G,G,G,K,S,D,K,D,C,D,C,NZ_CP136862.1_1844|nifH,NZ_CP136862.1,26.0
NZ_CP121473.1_770|nifH,G,K,G,G,G,K,S,D,K,D,C,D,C,NZ_CP121473.1_770|nifH,NZ_CP121473.1,26.0
NZ_CP076607.1_5325|nifH,G,K,G,G,G,K,S,D,K,D,C,D,C,NZ_CP076607.1_5325|nifH,NZ_CP076607.1,26.0
NZ_CP073754.1_75|nifH,G,K,G,G,G,K,S,D,K,D,C,D,C,NZ_CP073754.1_75|nifH,NZ_CP073754.1,26.0
NZ_CP045875.1_2188|nifH,G,K,G,G,G,K,S,D,K,D,C,D,C,NZ_CP045875.1_2188|nifH,NZ_CP045875.1,26.0
NZ_CP035108.1_1931|nifH,G,K,G,G,G,K,S,D,K,D,C,D,C,NZ_CP035108.1_1931|nifH,NZ_CP035108.1,26.0
NZ_CP020370.1_1811|nifH,G,K,G,G,G,K,S,D,K,D,C,D,C,NZ_CP020370.1_1811|nifH,NZ_CP020370.1,26.0
NZ_CP011835.1_131|nifH,G,K,G,G,G,K,S,D,K,D,C,D,C,NZ_CP011835.1_131|nifH,NZ_CP011835.1,26.0
NZ_CP009978.1_848|nifH,G,K,G,G,G,K,S,D,K,D,C,D,C,NZ_CP009978.1_848|nifH,NZ_CP009978.1,26.0
NZ_CP009288.1_4087|nifH,G,K,G,G,G,K,S,D,K,D,C,D,C,NZ_CP009288.1_4087|nifH,NZ_CP009288.1,26.0
NZ_CP009287.1_5069|nifH,G,K,G,G,G,K,S,D,K,D,C,D,C,NZ_CP009287.1_5069|nifH,NZ_CP009287.1,26.0
NZ_CP009285.1_5674|nifH,G,K,G,G,G,K,S,D,K,D,C,D,C,NZ_CP009285.1_5674|nifH,NZ_CP009285.1,26.0
NZ_CP004078.1_3769|nifH,G,K,G,G,G,K,S,D,K,D,C,D,C,NZ_CP004078.1_3769|nifH,NZ_CP004078.1,26.0
NZ_AP025284.1_3078|nifH,G,K,G,G,G,K,S,D,K,D,C,D,C,NZ_AP025284.1_3078|nifH,NZ_AP025284.1,26.0
NZ_AP024355.1_3582|nifH,G,K,G,G,G,K,S,D,K,D,C,D,C,NZ_AP024355.1_3582|nifH,NZ_AP024355.1,26.0
NZ_AP014636.1_484|nifH,G,K,G,G,G,K,S,D,K,D,C,D,C,NZ_AP014636.1_484|nifH,NZ_AP014636.1,26.0
NC_016641.1_2548|nifH,G,K,G,G,G,K,S,D,K,D,C,D,C,NC_016641.1_2548|nifH,NC_016641.1,26.0
NC_012560.1_128|nifH,G,K,G,G,G,K,S,D,K,D,C,D,C,NC_012560.1_128|nifH,NC_012560.1,26.0
NC_007498.2_2166|nifH,G,K,G,G,G,K,S,D,K,D,C,D,C,NC_007498.2_2166|nifH,NC_007498.2,26.0
NZ_OZ026884.1_1687|nifH,G,K,G,G,G,K,S,D,K,D,C,D,C,NZ_OZ026884.1_1687|nifH,NZ_OZ026884.1,26.0
NZ_OW485601.1_215|nifH,G,K,G,G,G,K,S,D,K,D,C,D,C,NZ_OW485601.1_215|nifH,NZ_OW485601.1,26.0
NZ_LN831776.1_3851|nifH,G,K,G,G,G,K,S,D,K,D,C,D,C,NZ_LN831776.1_3851|nifH,NZ_LN831776.1,26.0
NZ_CP134223.1_3232|nifH,G,K,G,G,G,K,S,D,K,D,C,D,C,NZ_CP134223.1_3232|nifH,NZ_CP134223.1,26.0
NZ_CP092968.1_2159|nifH,G,K,G,G,G,K,S,D,K,D,C,D,C,NZ_CP092968.1_2159|nifH,NZ_CP092968.1,26.0
NZ_CP076607.1_3244|nifH,G,K,G,G,G,K,S,D,K,D,C,D,C,NZ_CP076607.1_3244|nifH,NZ_CP076607.1,26.0
NZ_CP066699.1_2687|nifH,G,K,G,G,G,K,S,D,K,D,C,D,C,NZ_CP066699.1_2687|nifH,NZ_CP066699.1,26.0
NZ_CP063362.1_854|nifH,G,K,G,G,G,K,S,D,K,D,C,D,C,NZ_CP063362.1_854|nifH,NZ_CP063362.1,26.0
NZ_CP050854.1_827|nifH,G,K,G,G,G,K,S,D,K,D,C,D,C,NZ_CP050854.1_827|nifH,NZ_CP050854.1,26.0
NZ_CP040392.1_2301|nifH,G,K,G,G,G,K,S,D,K,D,C,D,C,NZ_CP040392.1_2301|nifH,NZ_CP040392.1,26.0
NZ_CP014137.1_58|nifH,G,K,G,G,G,K,S,D,K,D,C,D,C,NZ_CP014137.1_58|nifH,NZ_CP014137.1,26.0
NZ_CP012946.1_1546|nifH,G,K,G,G,G,K,S,D,K,D,C,D,C,NZ_CP012946.1_1546|nifH,NZ_CP012946.1,26.0
NZ_CP009286.1_1257|nifH,G,K,G,G,G,K,S,D,K,D,C,D,C,NZ_CP009286.1_1257|nifH,NZ_CP009286.1,26.0
NZ_AP027149.1_4167|nifH,G,K,G,G,G,K,S,D,K,D,C,D,C,NZ_AP027149.1_4167|nifH,NZ_AP027149.1,26.0
NZ_AP027142.1_2344|nifH,G,K,G,G,G,K,S,D,K,D,C,D,C,NZ_AP027142.1_2344|nifH,NZ_AP027142.1,26.0
NZ_AP017928.1_3018|nifH,G,K,G,G,G,K,S,D,K,D,C,D,C,NZ_AP017928.1_3018|nifH,NZ_AP017928.1,26.0
NC_017161.1_1132|nifH,G,K,G,G,G,K,S,D,K,D,C,D,C,NC_017161.1_1132|nifH,NC_017161.1,26.0
NC_014664.1_3571|nifH,G,K,G,G,G,K,S,D,K,D,C,D,C,NC_014664.1_3571|nifH,NC_014664.1,26.0
NC_014034.1_581|nifH,G,K,G,G,G,K,S,D,K,D,C,D,C,NC_014034.1_581|nifH,NC_014034.1,26.0
NC_012560.1_247|nifH,G,K,G,G,G,K,S,D,K,D,C,D,C,NC_012560.1_247|nifH,NC_012560.1,26.0
NC_010529.1_271|nifH,G,K,G,G,G,K,S,D,K,D,C,D,C,NC_010529.1_271|nifH,NC_010529.1,26.0
NC_002977.6_229|nifH,G,K,G,G,G,K,S,D,K,D,C,D,C,NC_002977.6_229|nifH,NC_002977.6,26.0
NZ_CP076607.1_2897|nifH,G,K,G,G,G,K,S,D,K,D,C,D,C,NZ_CP076607.1_2897|nifH,NZ_CP076607.1,26.0
NZ_CP009285.1_2701|nifH,G,K,G,G,G,K,S,D,K,D,C,D,C,NZ_CP009285.1_2701|nifH,NZ_CP009285.1,26.0
nifH_O34106,G,K,G,G,G,K,S,D,K,D,C,D,C,nifH_O34106,nifH,26.0
nifH_B8HWE3,G,K,G,G,G,K,S,D,K,D,C,D,C,nifH_B8HWE3,nifH,26.0
nifH_A0A0P8BXY6,G,K,G,G,G,K,S,D,K,D,C,D,C,nifH_A0A0P8BXY6,nifH,26.0
NZ_OX458333.1_4122|nifH,G,K,G,G,G,K,S,D,K,D,C,D,C,NZ_OX458333.1_4122|nifH,NZ_OX458333.1,26.0
NZ_LT960614.1_4351|nifH,G,K,G,G,G,K,S,D,K,D,C,D,C,NZ_LT960614.1_4351|nifH,NZ_LT960614.1,26.0
NZ_LR699554.1_1479|nifH,G,K,G,G,G,K,S,D,K,D,C,D,C,NZ_LR699554.1_1479|nifH,NZ_LR699554.1,26.0
NZ_CP181386.1_716|nifH,G,K,G,G,G,K,S,D,K,D,C,D,C,NZ_CP181386.1_716|nifH,NZ_CP181386.1,26.0
NZ_CP172404.1_1940|nifH,G,K,G,G,G,K,S,D,K,D,C,D,C,NZ_CP172404.1_1940|nifH,NZ_CP172404.1,26.0
NZ_CP161826.1_1523|nifH,G,K,G,G,G,K,S,D,K,D,C,D,C,NZ_CP161826.1_1523|nifH,NZ_CP161826.1,26.0
NZ_CP157675.1_1668|nifH,G,K,G,G,G,K,S,D,K,D,C,D,C,NZ_CP157675.1_1668|nifH,NZ_CP157675.1,26.0
NZ_CP151406.1_1228|nifH,G,K,G,G,G,K,S,D,K,D,C,D,C,NZ_CP151406.1_1228|nifH,NZ_CP151406.1,26.0
NZ_CP141259.1_764|nifH,G,K,G,G,G,K,S,D,K,D,C,D,C,NZ_CP141259.1_764|nifH,NZ_CP141259.1,26.0
NZ_CP139858.1_924|nifH,G,K,G,G,G,K,S,D,K,D,C,D,C,NZ_CP139858.1_924|nifH,NZ_CP139858.1,26.0
NZ_CP134782.1_863|nifH,G,K,G,G,G,K,S,D,K,D,C,D,C,NZ_CP134782.1_863|nifH,NZ_CP134782.1,26.0
NZ_CP130946.1_1383|nifH,G,K,G,G,G,K,S,D,K,D,C,D,C,NZ_CP130946.1_1383|nifH,NZ_CP130946.1,26.0
NZ_CP125297.1_511|nifH,G,K,G,G,G,K,S,D,K,D,C,D,C,NZ_CP125297.1_511|nifH,NZ_CP125297.1,26.0
NZ_CP121667.1_6881|nifH,G,K,G,G,G,K,S,D,K,D,C,D,C,NZ_CP121667.1_6881|nifH,NZ_CP121667.1,26.0
NZ_CP120375.1_419|nifH,G,K,G,G,G,K,S,D,K,D,C,D,C,NZ_CP120375.1_419|nifH,NZ_CP120375.1,26.0
NZ_CP119676.1_1355|nifH,G,K,G,G,G,K,S,D,K,D,C,D,C,NZ_CP119676.1_1355|nifH,NZ_CP119676.1,26.0
NZ_CP110921.1_424|nifH,G,K,G,G,G,K,S,D,K,D,C,D,C,NZ_CP110921.1_424|nifH,NZ_CP110921.1,26.0
NZ_CP104172.1_8025|nifH,G,K,G,G,G,K,S,D,K,D,C,D,C,NZ_CP104172.1_8025|nifH,NZ_CP104172.1,26.0
NZ_CP104156.1_218|nifH,G,K,G,G,G,K,S,D,K,D,C,D,C,NZ_CP104156.1_218|nifH,NZ_CP104156.1,26.0
NZ_CP092968.1_81|nifH,G,K,G,G,G,K,S,D,K,D,C,D,C,NZ_CP092968.1_81|nifH,NZ_CP092968.1,26.0
NZ_CP089391.1_6770|nifH,G,K,G,G,G,K,S,D,K,D,C,D,C,NZ_CP089391.1_6770|nifH,NZ_CP089391.1,26.0
NZ_CP088280.1_732|nifH,G,K,G,G,G,K,S,D,K,D,C,D,C,NZ_CP088280.1_732|nifH,NZ_CP088280.1,26.0
NZ_CP088014.1_7408|nifH,G,K,G,G,G,K,S,D,K,D,C,D,C,NZ_CP088014.1_7408|nifH,NZ_CP088014.1,26.0
NZ_CP084765.1_1671|nifH,G,K,G,G,G,K,S,D,K,D,C,D,C,NZ_CP084765.1_1671|nifH,NZ_CP084765.1,26.0
NZ_CP075189.1_1707|nifH,G,K,G,G,G,K,S,D,K,D,C,D,C,NZ_CP075189.1_1707|nifH,NZ_CP075189.1,26.0
NZ_CP073236.1_1803|nifH,G,K,G,G,G,K,S,D,K,D,C,D,C,NZ_CP073236.1_1803|nifH,NZ_CP073236.1,26.0
NZ_CP071682.1_363|nifH,G,K,G,G,G,K,S,D,K,D,C,D,C,NZ_CP071682.1_363|nifH,NZ_CP071682.1,26.0
NZ_CP071503.1_514|nifH,G,K,G,G,G,K,S,D,K,D,C,D,C,NZ_CP071503.1_514|nifH,NZ_CP071503.1,26.0
NZ_CP071060.1_2309|nifH,G,K,G,G,G,K,S,D,K,D,C,D,C,NZ_CP071060.1_2309|nifH,NZ_CP071060.1,26.0
NZ_CP066699.1_4731|nifH,G,K,G,G,G,K,S,D,K,D,C,D,C,NZ_CP066699.1_4731|nifH,NZ_CP066699.1,26.0
NZ_CP065957.1_815|nifH,G,K,G,G,G,K,S,D,K,D,C,D,C,NZ_CP065957.1_815|nifH,NZ_CP065957.1,26.0
NZ_CP064781.1_1279|nifH,G,K,G,G,G,K,S,D,K,D,C,D,C,NZ_CP064781.1_1279|nifH,NZ_CP064781.1,26.0
NZ_CP060084.1_2016|nifH,G,K,G,G,G,K,S,D,K,D,C,D,C,NZ_CP060084.1_2016|nifH,NZ_CP060084.1,26.0
NZ_CP054619.1_2130|nifH,G,K,G,G,G,K,S,D,K,D,C,D,C,NZ_CP054619.1_2130|nifH,NZ_CP054619.1,26.0
NZ_CP053923.1_3684|nifH,G,K,G,G,G,K,S,D,K,D,C,D,C,NZ_CP053923.1_3684|nifH,NZ_CP053923.1,26.0
NZ_CP053482.1_2671|nifH,G,K,G,G,G,K,S,D,K,D,C,D,C,NZ_CP053482.1_2671|nifH,NZ_CP053482.1,26.0
NZ_CP050854.1_2260|nifH,G,K,G,G,G,K,S,D,K,D,C,D,C,NZ_CP050854.1_2260|nifH,NZ_CP050854.1,26.0
NZ_CP048836.1_3744|nifH,G,K,G,G,G,K,S,D,K,D,C,D,C,NZ_CP048836.1_3744|nifH,NZ_CP048836.1,26.0
NZ_CP046565.1_770|nifH,G,K,G,G,G,K,S,D,K,D,C,D,C,NZ_CP046565.1_770|nifH,NZ_CP046565.1,26.0
NZ_CP045300.1_688|nifH,G,K,G,G,G,K,S,D,K,D,C,D,C,NZ_CP045300.1_688|nifH,NZ_CP045300.1,26.0
NZ_CP043929.1_920|nifH,G,K,G,G,G,K,S,D,K,D,C,D,C,NZ_CP043929.1_920|nifH,NZ_CP043929.1,26.0
NZ_CP041240.1_235|nifH,G,K,G,G,G,K,S,D,K,D,C,D,C,NZ_CP041240.1_235|nifH,NZ_CP041240.1,26.0
NZ_CP037899.1_419|nifH,G,K,G,G,G,K,S,D,K,D,C,D,C,NZ_CP037899.1_419|nifH,NZ_CP037899.1,26.0
NZ_CP034999.1_576|nifH,G,K,G,G,G,K,S,D,K,D,C,D,C,NZ_CP034999.1_576|nifH,NZ_CP034999.1,26.0
NZ_CP034911.1_420|nifH,G,K,G,G,G,K,S,D,K,D,C,D,C,NZ_CP034911.1_420|nifH,NZ_CP034911.1,26.0
NZ_CP033361.1_6003|nifH,G,K,G,G,G,K,S,D,K,D,C,D,C,NZ_CP033361.1_6003|nifH,NZ_CP033361.1,26.0
NZ_CP030265.1_3415|nifH,G,K,G,G,G,K,S,D,K,D,C,D,C,NZ_CP030265.1_3415|nifH,NZ_CP030265.1,26.0
NZ_CP030050.1_1682|nifH,G,K,G,G,G,K,S,D,K,D,C,D,C,NZ_CP030050.1_1682|nifH,NZ_CP030050.1,26.0
NZ_CP029453.1_234|nifH,G,K,G,G,G,K,S,D,K,D,C,D,C,NZ_CP029453.1_234|nifH,NZ_CP029453.1,26.0
NZ_CP029353.1_1751|nifH,G,K,G,G,G,K,S,D,K,D,C,D,C,NZ_CP029353.1_1751|nifH,NZ_CP029353.1,26.0
NZ_CP025003.1_3778|nifH,G,K,G,G,G,K,S,D,K,D,C,D,C,NZ_CP025003.1_3778|nifH,NZ_CP025003.1,26.0
NZ_CP024639.1_195|nifH,G,K,G,G,G,K,S,D,K,D,C,D,C,NZ_CP024639.1_195|nifH,NZ_CP024639.1,26.0
NZ_CP023069.1_248|nifH,G,K,G,G,G,K,S,D,K,D,C,D,C,NZ_CP023069.1_248|nifH,NZ_CP023069.1,26.0
NZ_CP022253.1_2290|nifH,G,K,G,G,G,K,S,D,K,D,C,D,C,NZ_CP022253.1_2290|nifH,NZ_CP022253.1,26.0
NZ_CP022219.1_5306|nifH,G,K,G,G,G,K,S,D,K,D,C,D,C,NZ_CP022219.1_5306|nifH,NZ_CP022219.1,26.0
NZ_CP019240.1_565|nifH,G,K,G,G,G,K,S,D,K,D,C,D,C,NZ_CP019240.1_565|nifH,NZ_CP019240.1,26.0
NZ_CP017482.1_1759|nifH,G,K,G,G,G,K,S,D,K,D,C,D,C,NZ_CP017482.1_1759|nifH,NZ_CP017482.1,26.0
NZ_CP016210.1_541|nifH,G,K,G,G,G,K,S,D,K,D,C,D,C,NZ_CP016210.1_541|nifH,NZ_CP016210.1,26.0
NZ_CP015418.1_3010|nifH,G,K,G,G,G,K,S,D,K,D,C,D,C,NZ_CP015418.1_3010|nifH,NZ_CP015418.1,26.0
NZ_CP015137.1_1249|nifH,G,K,G,G,G,K,S,D,K,D,C,D,C,NZ_CP015137.1_1249|nifH,NZ_CP015137.1,26.0
NZ_CP014137.1_1448|nifH,G,K,G,G,G,K,S,D,K,D,C,D,C,NZ_CP014137.1_1448|nifH,NZ_CP014137.1,26.0
NZ_CP013535.1_304|nifH,G,K,G,G,G,K,S,D,K,D,C,D,C,NZ_CP013535.1_304|nifH,NZ_CP013535.1,26.0
NZ_CP013502.1_317|nifH,G,K,G,G,G,K,S,D,K,D,C,D,C,NZ_CP013502.1_317|nifH,NZ_CP013502.1,26.0
NZ_CP012946.1_2227|nifH,G,K,G,G,G,K,S,D,K,D,C,D,C,NZ_CP012946.1_2227|nifH,NZ_CP012946.1,26.0
NZ_CP011930.1_2832|nifH,G,K,G,G,G,K,S,D,K,D,C,D,C,NZ_CP011930.1_2832|nifH,NZ_CP011930.1,26.0
NZ_CP010836.1_2890|nifH,G,K,G,G,G,K,S,D,K,D,C,D,C,NZ_CP010836.1_2890|nifH,NZ_CP010836.1,26.0
NZ_CP009125.1_2853|nifH,G,K,G,G,G,K,S,D,K,D,C,D,C,NZ_CP009125.1_2853|nifH,NZ_CP009125.1,26.0
NZ_CP007031.1_602|nifH,G,K,G,G,G,K,S,D,K,D,C,D,C,NZ_CP007031.1_602|nifH,NZ_CP007031.1,26.0
NZ_AP024897.1_3226|nifH,G,K,G,G,G,K,S,D,K,D,C,D,C,NZ_AP024897.1_3226|nifH,NZ_AP024897.1,26.0
NZ_AP023033.1_2196|nifH,G,K,G,G,G,K,S,D,K,D,C,D,C,NZ_AP023033.1_2196|nifH,NZ_AP023033.1,26.0
NZ_AP022547.1_1818|nifH,G,K,G,G,G,K,S,D,K,D,C,D,C,NZ_AP022547.1_1818|nifH,NZ_AP022547.1,26.0
NZ_AP019777.1_3372|nifH,G,K,G,G,G,K,S,D,K,D,C,D,C,NZ_AP019777.1_3372|nifH,NZ_AP019777.1,26.0
NZ_AP018724.1_1920|nifH,G,K,G,G,G,K,S,D,K,D,C,D,C,NZ_AP018724.1_1920|nifH,NZ_AP018724.1,26.0
NC_022900.1_1302|nifH,G,K,G,G,G,K,S,D,K,D,C,D,C,NC_022900.1_1302|nifH,NC_022900.1,26.0
NC_019940.1_3184|nifH,G,K,G,G,G,K,S,D,K,D,C,D,C,NC_019940.1_3184|nifH,NC_019940.1,26.0
NC_018012.1_3618|nifH,G,K,G,G,G,K,S,D,K,D,C,D,C,NC_018012.1_3618|nifH,NC_018012.1,26.0
NC_017082.1_4525|nifH,G,K,G,G,G,K,S,D,K,D,C,D,C,NC_017082.1_4525|nifH,NC_017082.1,26.0
NC_016616.1_934|nifH,G,K,G,G,G,K,S,D,K,D,C,D,C,NC_016616.1_934|nifH,NC_016616.1,26.0
NC_014120.1_154|nifH,G,K,G,G,G,K,S,D,K,D,C,D,C,NC_014120.1_154|nifH,NC_014120.1,26.0
NC_013851.1_1867|nifH,G,K,G,G,G,K,S,D,K,D,C,D,C,NC_013851.1_1867|nifH,NC_013851.1,26.0
NC_012691.1_659|nifH,G,K,G,G,G,K,S,D,K,D,C,D,C,NC_012691.1_659|nifH,NC_012691.1,26.0
NC_011666.1_3628|nifH,G,K,G,G,G,K,S,D,K,D,C,D,C,NC_011666.1_3628|nifH,NC_011666.1,26.0
NC_010627.1_546|nifH,G,K,G,G,G,K,S,D,K,D,C,D,C,NC_010627.1_546|nifH,NC_010627.1,26.0
NC_010337.2_989|nifH,G,K,G,G,G,K,S,D,K,D,C,D,C,NC_010337.2_989|nifH,NC_010337.2,26.0
NC_008576.1_1246|nifH,G,K,G,G,G,K,S,D,K,D,C,D,C,NC_008576.1_1246|nifH,NC_008576.1,26.0
NC_007952.1_1551|nifH,G,K,G,G,G,K,S,D,K,D,C,D,C,NC_007952.1_1551|nifH,NC_007952.1,26.0
NC_007626.1_1587|nifH,G,K,G,G,G,K,S,D,K,D,C,D,C,NC_007626.1_1587|nifH,NC_007626.1,26.0
NC_004041.2_257|nifH,G,K,G,G,G,K,S,D,K,D,C,D,C,NC_004041.2_257|nifH,NC_004041.2,26.0
NZ_OY759968.1_1847|nifH,G,K,G,G,G,K,S,D,K,D,C,D,C,NZ_OY759968.1_1847|nifH,NZ_OY759968.1,26.0
NZ_CP171449.1_4338|nifH,G,K,G,G,G,K,S,D,K,D,C,D,C,NZ_CP171449.1_4338|nifH,NZ_CP171449.1,26.0
NZ_CP134223.1_4593|nifH,G,K,G,G,G,K,S,D,K,D,C,D,C,NZ_CP134223.1_4593|nifH,NZ_CP134223.1,26.0
NZ_CP121472.1_4784|nifH,G,K,G,G,G,K,S,D,K,D,C,D,C,NZ_CP121472.1_4784|nifH,NZ_CP121472.1,26.0
NZ_CP076607.1_5023|nifH,G,K,G,G,G,K,S,D,K,D,C,D,C,NZ_CP076607.1_5023|nifH,NZ_CP076607.1,26.0
NZ_CP070969.1_4711|nifH,G,K,G,G,G,K,S,D,K,D,C,D,C,NZ_CP070969.1_4711|nifH,NZ_CP070969.1,26.0
NZ_CP045302.1_2299|nifH,G,K,G,G,G,K,S,D,K,D,C,D,C,NZ_CP045302.1_2299|nifH,NZ_CP045302.1,26.0
NZ_CP022129.1_210|nifH,G,K,G,G,G,K,S,D,K,D,C,D,C,NZ_CP022129.1_210|nifH,NZ_CP022129.1,26.0
NZ_CP020028.1_3987|nifH,G,K,G,G,G,K,S,D,K,D,C,D,C,NZ_CP020028.1_3987|nifH,NZ_CP020028.1,26.0
NZ_CP011412.1_3318|nifH,G,K,G,G,G,K,S,D,K,D,C,D,C,NZ_CP011412.1_3318|nifH,NZ_CP011412.1,26.0
NZ_CP009428.1_4899|nifH,G,K,G,G,G,K,S,D,K,D,C,D,C,NZ_CP009428.1_4899|nifH,NZ_CP009428.1,26.0
NZ_CP009288.1_2261|nifH,G,K,G,G,G,K,S,D,K,D,C,D,C,NZ_CP009288.1_2261|nifH,NZ_CP009288.1,26.0
NZ_CP009286.1_4390|nifH,G,K,G,G,G,K,S,D,K,D,C,D,C,NZ_CP009286.1_4390|nifH,NZ_CP009286.1,26.0
NZ_CP007142.1_1680|nifH,G,K,G,G,G,K,S,D,K,D,C,D,C,NZ_CP007142.1_1680|nifH,NZ_CP007142.1,26.0
NZ_CP004078.1_3099|nifH,G,K,G,G,G,K,S,D,K,D,C,D,C,NZ_CP004078.1_3099|nifH,NZ_CP004078.1,26.0
NZ_AP024896.1_1187|nifH,G,K,G,G,G,K,S,D,K,D,C,D,C,NZ_AP024896.1_1187|nifH,NZ_AP024896.1,26.0
NZ_AP023423.1_790|nifH,G,K,G,G,G,K,S,D,K,D,C,D,C,NZ_AP023423.1_790|nifH,NZ_AP023423.1,26.0
NC_018515.1_3857|nifH,G,K,G,G,G,K,S,D,K,D,C,D,C,NC_018515.1_3857|nifH,NC_018515.1,26.0
NC_016584.1_4828|nifH,G,K,G,G,G,K,S,D,K,D,C,D,C,NC_016584.1_4828|nifH,NC_016584.1,26.0
NC_011830.1_1044|nifH,G,K,G,G,G,K,S,D,K,D,C,D,C,NC_011830.1_1044|nifH,NC_011830.1,26.0
nifH_D7E4Q2,G,K,G,G,G,K,S,D,K,D,C,D,C,nifH_D7E4Q2,nifH,26.0
NZ_OX458333.1_2010|nifH,G,K,G,G,G,K,S,D,K,D,C,D,C,NZ_OX458333.1_2010|nifH,NZ_OX458333.1,26.0
NZ_OW485601.1_192|nifH,G,K,G,G,G,K,S,D,K,D,C,D,C,NZ_OW485601.1_192|nifH,NZ_OW485601.1,26.0
NZ_CP171449.1_82|nifH,G,K,G,G,G,K,S,D,K,D,C,D,C,NZ_CP171449.1_82|nifH,NZ_CP171449.1,26.0
NZ_CP129212.1_6859|nifH,G,K,G,G,G,K,S,D,K,D,C,D,C,NZ_CP129212.1_6859|nifH,NZ_CP129212.1,26.0
NZ_CP088156.1_6825|nifH,G,K,G,G,G,K,S,D,K,D,C,D,C,NZ_CP088156.1_6825|nifH,NZ_CP088156.1,26.0
NZ_CP076134.1_1708|nifH,G,K,G,G,G,K,S,D,K,D,C,D,C,NZ_CP076134.1_1708|nifH,NZ_CP076134.1,26.0
NZ_CP066699.1_2400|nifH,G,K,G,G,G,K,S,D,K,D,C,D,C,NZ_CP066699.1_2400|nifH,NZ_CP066699.1,26.0
NZ_CP063362.1_799|nifH,G,K,G,G,G,K,S,D,K,D,C,D,C,NZ_CP063362.1_799|nifH,NZ_CP063362.1,26.0
NZ_CP045302.1_671|nifH,G,K,G,G,G,K,S,D,K,D,C,D,C,NZ_CP045302.1_671|nifH,NZ_CP045302.1,26.0
NZ_CP025086.1_1596|nifH,G,K,G,G,G,K,S,D,K,D,C,D,C,NZ_CP025086.1_1596|nifH,NZ_CP025086.1,26.0
NZ_CP014007.2_2180|nifH,G,K,G,G,G,K,S,D,K,D,C,D,C,NZ_CP014007.2_2180|nifH,NZ_CP014007.2,26.0
NZ_CP011835.1_251|nifH,G,K,G,G,G,K,S,D,K,D,C,D,C,NZ_CP011835.1_251|nifH,NZ_CP011835.1,26.0
NZ_CP009285.1_3991|nifH,G,K,G,G,G,K,S,D,K,D,C,D,C,NZ_CP009285.1_3991|nifH,NZ_CP009285.1,26.0
NZ_AP027149.1_218|nifH,G,K,G,G,G,K,S,D,K,D,C,D,C,NZ_AP027149.1_218|nifH,NZ_AP027149.1,26.0
NZ_AP018907.1_608|nifH,G,K,G,G,G,K,S,D,K,D,C,D,C,NZ_AP018907.1_608|nifH,NZ_AP018907.1,26.0
NC_020453.1_2281|nifH,G,K,G,G,G,K,S,D,K,D,C,D,C,NC_020453.1_2281|nifH,NC_020453.1,26.0
NC_017059.1_565|nifH,G,K,G,G,G,K,S,D,K,D,C,D,C,NC_017059.1_565|nifH,NC_017059.1,26.0
NC_014664.1_3349|nifH,G,K,G,G,G,K,S,D,K,D,C,D,C,NC_014664.1_3349|nifH,NC_014664.1,26.0
NC_013894.1_435|nifH,G,K,G,G,G,K,S,D,K,D,C,D,C,NC_013894.1_435|nifH,NC_013894.1,26.0
NC_011830.1_1348|nifH,G,K,G,G,G,K,S,D,K,D,C,D,C,NC_011830.1_1348|nifH,NC_011830.1,26.0
NC_009937.1_1061|nifH,G,K,G,G,G,K,S,D,K,D,C,D,C,NC_009937.1_1061|nifH,NC_009937.1,26.0
NZ_LN831776.1_2646|nifH,G,K,G,G,G,K,S,D,K,D,C,D,C,NZ_LN831776.1_2646|nifH,NZ_LN831776.1,26.0
NZ_CP064782.1_247|nifH,G,K,G,G,G,K,S,D,K,D,C,D,C,NZ_CP064782.1_247|nifH,NZ_CP064782.1,26.0
NC_012560.1_4503|nifH,G,K,G,G,G,K,S,D,K,D,C,D,C,NC_012560.1_4503|nifH,NC_012560.1,26.0
