,C70,C95,C153,S188,hit,contig,score
O07643,C,C,C,S,O07643,,14
P00468,C,C,C,S,P00468,,14
D2CNB2,C,C,C,S,D2CNB2,,14
D2CNA8,C,C,C,S,D2CNA8,,14
R4HEQ8,C,C,C,S,R4HEQ8,,14
R4HER3,C,C,C,S,R4HER3,,14
I6TJP7,C,C,C,S,I6TJP7,,14
A2V8A1,C,C,C,S,A2V8A1,,14
A0A1B1FII1,C,C,C,S,A0A1B1FII1,,14
D2CNA9,C,C,C,S,D2CNA9,,14
D2CNA2,C,C,C,S,D2CNA2,,14
D2CN99,C,C,C,S,D2CN99,,14
D2CNA3,C,C,C,S,D2CNA3,,14
R4HEQ9,C,C,C,S,R4HEQ9,,14
R4HES4,C,C,C,S,R4HES4,,14
A0A024F9E6,C,C,C,S,A0A024F9E6,,14
D2CNA0,C,C,C,S,D2CNA0,,14
Q2JTL9,C,C,C,S,Q2JTL9,,14
A0A0P8DPT7,C,C,C,S,A0A0P8DPT7,,14
A0A0S3TN72,C,C,C,S,A0A0S3TN72,,14
K9UV46,C,C,C,S,K9UV46,,14
A0A235IA00,C,C,C,S,A0A235IA00,,14
A0A0P8DDM6,C,C,C,S,A0A0P8DDM6,,14
A0A235IMZ4,C,C,C,S,A0A235IMZ4,,14
K9T9M1,C,C,C,S,K9T9M1,,14
A0A1J1LPU4,C,C,C,S,A0A1J1LPU4,,14
E0UH15,C,C,C,S,E0UH15,,14
A0A077JG68,C,C,C,S,A0A077JG68,,14
B7KG74,C,C,C,S,B7KG74,,14
A0A120MX50,C,C,C,S,A0A120MX50,,14
K9QGL8,C,C,C,S,K9QGL8,,14
K9RMB2,C,C,C,S,K9RMB2,,14
K9YAH3,C,C,C,S,K9YAH3,,14
NZ_CP066699.1_1454|nifK,C,C,C,S,NZ_CP066699.1_1454|nifK,NZ_CP066699.1,14
NZ_CP009285.1_2704|nifK,C,C,C,S,NZ_CP009285.1_2704|nifK,NZ_CP009285.1,14
nifK_Q55030,C,C,C,S,nifK_Q55030,nifK,14
nifK_Q2JTL9,C,C,C,S,nifK_Q2JTL9,nifK,14
nifK_O84930,C,C,C,S,nifK_O84930,nifK,14
nifK_K9YAH3,C,C,C,S,nifK_K9YAH3,nifK,14
nifK_K9UV46,C,C,C,S,nifK_K9UV46,nifK,14
nifK_K9T9M1,C,C,C,S,nifK_K9T9M1,nifK,14
nifK_J7FLF5,C,C,C,S,nifK_J7FLF5,nifK,14
nifK_D2CNB0,C,C,C,S,nifK_D2CNB0,nifK,14
nifK_A0A120MX50,C,C,C,S,nifK_A0A120MX50,nifK,14
nifK_A0A024F9E6,C,C,C,S,nifK_A0A024F9E6,nifK,14
NZ_OZ026884.1_1689|nifK,C,C,C,A,NZ_OZ026884.1_1689|nifK,NZ_OZ026884.1,13
NZ_OY759968.1_1849|nifK,C,C,C,S,NZ_OY759968.1_1849|nifK,NZ_OY759968.1,14
NZ_OX458333.1_4124|nifK,C,C,C,A,NZ_OX458333.1_4124|nifK,NZ_OX458333.1,13
NZ_OW485601.1_861|nifK,C,C,C,A,NZ_OW485601.1_861|nifK,NZ_OW485601.1,13
NZ_LT984808.1_277|nifK,C,C,C,A,NZ_LT984808.1_277|nifK,NZ_LT984808.1,13
NZ_LT629751.1_2344|nifK,C,C,C,S,NZ_LT629751.1_2344|nifK,NZ_LT629751.1,14
NZ_LR699554.1_1477|nifK,C,C,C,A,NZ_LR699554.1_1477|nifK,NZ_LR699554.1,13
NZ_HG938354.1_1041|nifK,C,C,C,A,NZ_HG938354.1_1041|nifK,NZ_HG938354.1,13
NZ_CP181386.1_714|nifK,C,C,C,A,NZ_CP181386.1_714|nifK,NZ_CP181386.1,13
NZ_CP180219.1_147|nifK,C,C,C,A,NZ_CP180219.1_147|nifK,NZ_CP180219.1,13
NZ_CP171449.1_4340|nifK,C,C,C,S,NZ_CP171449.1_4340|nifK,NZ_CP171449.1,14
NZ_CP169721.1_1784|nifK,C,C,C,S,NZ_CP169721.1_1784|nifK,NZ_CP169721.1,14
NZ_CP158568.1_2199|nifK,C,C,C,A,NZ_CP158568.1_2199|nifK,NZ_CP158568.1,13
NZ_CP157675.1_1670|nifK,C,C,C,A,NZ_CP157675.1_1670|nifK,NZ_CP157675.1,13
NZ_CP151843.1_1161|nifK,C,C,C,S,NZ_CP151843.1_1161|nifK,NZ_CP151843.1,14
NZ_CP149817.1_2902|nifK,C,C,C,S,NZ_CP149817.1_2902|nifK,NZ_CP149817.1,14
NZ_CP141259.1_762|nifK,C,C,C,S,NZ_CP141259.1_762|nifK,NZ_CP141259.1,14
NZ_CP139971.1_1649|nifK,C,C,C,A,NZ_CP139971.1_1649|nifK,NZ_CP139971.1,13
NZ_CP139482.1_3156|nifK,C,C,C,S,NZ_CP139482.1_3156|nifK,NZ_CP139482.1,14
NZ_CP136862.1_1846|nifK,C,C,C,A,NZ_CP136862.1_1846|nifK,NZ_CP136862.1,13
NZ_CP135917.1_507|nifK,C,C,C,S,NZ_CP135917.1_507|nifK,NZ_CP135917.1,14
NZ_CP134223.1_4591|nifK,C,C,C,S,NZ_CP134223.1_4591|nifK,NZ_CP134223.1,14
NZ_CP133151.1_256|nifK,C,C,C,A,NZ_CP133151.1_256|nifK,NZ_CP133151.1,13
NZ_CP129884.1_3457|nifK,C,C,C,S,NZ_CP129884.1_3457|nifK,NZ_CP129884.1,14
NZ_CP127527.1_2753|nifK,C,C,C,A,NZ_CP127527.1_2753|nifK,NZ_CP127527.1,13
NZ_CP125297.1_513|nifK,C,C,C,A,NZ_CP125297.1_513|nifK,NZ_CP125297.1,13
NZ_CP121667.1_6910|nifK,C,C,C,A,NZ_CP121667.1_6910|nifK,NZ_CP121667.1,13
NZ_CP121473.1_772|nifK,C,C,C,S,NZ_CP121473.1_772|nifK,NZ_CP121473.1,14
NZ_CP120703.1_6125|nifK,C,C,C,A,NZ_CP120703.1_6125|nifK,NZ_CP120703.1,13
NZ_CP120369.1_30|nifK,C,C,C,A,NZ_CP120369.1_30|nifK,NZ_CP120369.1,13
NZ_CP119676.1_1353|nifK,C,C,C,S,NZ_CP119676.1_1353|nifK,NZ_CP119676.1,14
NZ_CP115659.1_2571|nifK,C,C,C,S,NZ_CP115659.1_2571|nifK,NZ_CP115659.1,14
NZ_CP110921.1_2227|nifK,C,C,C,A,NZ_CP110921.1_2227|nifK,NZ_CP110921.1,13
NZ_CP104172.1_8049|nifK,C,C,C,A,NZ_CP104172.1_8049|nifK,NZ_CP104172.1,13
NZ_CP104156.1_216|nifK,C,C,C,A,NZ_CP104156.1_216|nifK,NZ_CP104156.1,13
NZ_CP098802.1_316|nifK,C,C,C,A,NZ_CP098802.1_316|nifK,NZ_CP098802.1,13
NZ_CP092109.1_251|nifK,C,C,C,S,NZ_CP092109.1_251|nifK,NZ_CP092109.1,14
NZ_CP089391.1_6798|nifK,C,C,C,A,NZ_CP089391.1_6798|nifK,NZ_CP089391.1,13
NZ_CP088285.1_4459|nifK,C,C,C,A,NZ_CP088285.1_4459|nifK,NZ_CP088285.1,13
NZ_CP088280.1_708|nifK,C,C,C,A,NZ_CP088280.1_708|nifK,NZ_CP088280.1,13
NZ_CP088151.1_1933|nifK,C,C,C,A,NZ_CP088151.1_1933|nifK,NZ_CP088151.1,13
NZ_CP088014.1_7432|nifK,C,C,C,A,NZ_CP088014.1_7432|nifK,NZ_CP088014.1,13
NZ_CP084768.1_1685|nifK,C,C,C,S,NZ_CP084768.1_1685|nifK,NZ_CP084768.1,14
NZ_CP083633.1_812|nifK,C,C,C,S,NZ_CP083633.1_812|nifK,NZ_CP083633.1,14
NZ_CP076607.1_5021|nifK,C,C,C,S,NZ_CP076607.1_5021|nifK,NZ_CP076607.1,14
NZ_CP075189.1_1705|nifK,C,C,C,S,NZ_CP075189.1_1705|nifK,NZ_CP075189.1,14
NZ_CP073754.1_73|nifK,C,C,C,S,NZ_CP073754.1_73|nifK,NZ_CP073754.1,14
NZ_CP073236.1_1805|nifK,C,C,C,S,NZ_CP073236.1_1805|nifK,NZ_CP073236.1,14
NZ_CP072793.1_1970|nifK,C,C,C,S,NZ_CP072793.1_1970|nifK,NZ_CP072793.1,14
NZ_CP071615.1_6|nifK,C,C,C,A,NZ_CP071615.1_6|nifK,NZ_CP071615.1,13
NZ_CP071503.1_516|nifK,C,C,C,S,NZ_CP071503.1_516|nifK,NZ_CP071503.1,14
NZ_CP071321.1_4141|nifK,C,C,C,S,NZ_CP071321.1_4141|nifK,NZ_CP071321.1,14
NZ_CP070969.1_4709|nifK,C,C,C,S,NZ_CP070969.1_4709|nifK,NZ_CP070969.1,14
NZ_CP066699.1_4729|nifK,C,C,C,A,NZ_CP066699.1_4729|nifK,NZ_CP066699.1,13
NZ_CP065957.1_813|nifK,C,C,C,S,NZ_CP065957.1_813|nifK,NZ_CP065957.1,14
NZ_CP064781.1_1277|nifK,C,C,C,S,NZ_CP064781.1_1277|nifK,NZ_CP064781.1,14
NZ_CP063362.1_852|nifK,C,C,C,A,NZ_CP063362.1_852|nifK,NZ_CP063362.1,13
NZ_CP060084.1_2014|nifK,C,C,C,S,NZ_CP060084.1_2014|nifK,NZ_CP060084.1,14
NZ_CP058354.1_1584|nifK,C,C,C,A,NZ_CP058354.1_1584|nifK,NZ_CP058354.1,13
NZ_CP054619.1_2132|nifK,C,C,C,A,NZ_CP054619.1_2132|nifK,NZ_CP054619.1,13
NZ_CP054024.1_148|nifK,C,C,C,A,NZ_CP054024.1_148|nifK,NZ_CP054024.1,13
NZ_CP053676.1_3|nifK,C,C,C,A,NZ_CP053676.1_3|nifK,NZ_CP053676.1,13
NZ_CP053444.1_111|nifK,C,C,C,A,NZ_CP053444.1_111|nifK,NZ_CP053444.1,13
NZ_CP050854.1_2257|nifK,C,C,C,S,NZ_CP050854.1_2257|nifK,NZ_CP050854.1,14
NZ_CP049332.1_440|nifK,C,C,C,S,NZ_CP049332.1_440|nifK,NZ_CP049332.1,14
NZ_CP048429.1_473|nifK,C,C,C,S,NZ_CP048429.1_473|nifK,NZ_CP048429.1,14
reference,C,C,C,S,nifK,,14
Q55030,C,C,C,S,Q55030,,14
D2CNB0,C,C,C,S,D2CNB0,,14
R4HET2,C,C,C,S,R4HET2,,14
J7FLF5,C,C,C,S,J7FLF5,,14
R4HET9,C,C,C,S,R4HET9,,14
R4HER5,C,C,C,K,R4HER5,,13
D2CNA5,C,C,C,S,D2CNA5,,14
Q47919,C,C,C,S,Q47919,,14
Q3S2V4,C,C,C,S,Q3S2V4,,14
D2CNA7,C,C,C,S,D2CNA7,,14
R4HES5,C,C,C,S,R4HES5,,14
R4HER0,C,C,C,S,R4HER0,,14
Q44486,C,C,C,S,Q44486,,14
Q4PJU4,C,C,C,S,Q4PJU4,,14
A1KYJ8,C,C,C,S,A1KYJ8,,14
O84930,C,C,C,S,O84930,,14
D2CN98,C,C,C,S,D2CN98,,14
A0A235J843,C,C,C,S,A0A235J843,,14
K9U5S1,C,C,C,S,K9U5S1,,14
U7QKN5,C,C,C,S,U7QKN5,,14
B2J606,C,C,C,S,B2J606,,14
D7E3U0,C,C,C,S,D7E3U0,,14
A0A0K2M271,C,C,C,S,A0A0K2M271,,14
Q4C2Y6,C,C,C,S,Q4C2Y6,,14
K9T9Q1,C,C,C,S,K9T9Q1,,14
A0A1Y0RPC2,C,C,C,S,A0A1Y0RPC2,,14
K9X4P0,C,C,C,S,K9X4P0,,14
K9WBJ1,C,C,C,S,K9WBJ1,,14
A0A0T7BYE5,C,C,C,S,A0A0T7BYE5,,14
B8HWE5,C,C,C,S,B8HWE5,,14
Q3M651,C,C,C,S,Q3M651,,14
B7TB34,C,C,C,S,B7TB34,,14
K7W143,C,C,C,S,K7W143,,14
NZ_CP050854.1_830|nifK,C,C,C,S,NZ_CP050854.1_830|nifK,NZ_CP050854.1,14
NC_007643.1_1426|nifK,C,C,C,S,NC_007643.1_1426|nifK,NC_007643.1,14
nifK_Q4PJU4,C,C,C,S,nifK_Q4PJU4,nifK,14
nifK_P00468,C,C,C,S,nifK_P00468,nifK,14
nifK_O07643,C,C,C,S,nifK_O07643,nifK,14
nifK_K9WBJ1,C,C,C,S,nifK_K9WBJ1,nifK,14
nifK_K9T9Q1,C,C,C,S,nifK_K9T9Q1,nifK,14
nifK_K9RMB2,C,C,C,S,nifK_K9RMB2,nifK,14
nifK_D2CNB2,C,C,C,S,nifK_D2CNB2,nifK,14
nifK_B7TB34,C,C,C,S,nifK_B7TB34,nifK,14
nifK_A0A0P8DPT7,C,C,C,S,nifK_A0A0P8DPT7,nifK,14
NZ_OZ221291.1_1749|nifK,C,C,C,A,NZ_OZ221291.1_1749|nifK,NZ_OZ221291.1,13
NZ_OY762534.1_1459|nifK,C,C,C,S,NZ_OY762534.1_1459|nifK,NZ_OY762534.1,14
NZ_OX458932.1_489|nifK,C,C,C,S,NZ_OX458932.1_489|nifK,NZ_OX458932.1,14
NZ_OX458333.1_2011|nifK,C,C,C,A,NZ_OX458333.1_2011|nifK,NZ_OX458333.1,13
NZ_OU594967.1_2243|nifK,C,C,C,S,NZ_OU594967.1_2243|nifK,NZ_OU594967.1,14
NZ_LT960614.1_4349|nifK,C,C,C,A,NZ_LT960614.1_4349|nifK,NZ_LT960614.1,13
NZ_LS398110.1_6738|nifK,C,C,C,A,NZ_LS398110.1_6738|nifK,NZ_LS398110.1,13
NZ_LN831776.1_5465|nifK,C,C,C,S,NZ_LN831776.1_5465|nifK,NZ_LN831776.1,14
NZ_CP183834.1_831|nifK,C,C,C,A,NZ_CP183834.1_831|nifK,NZ_CP183834.1,13
NZ_CP181318.1_1532|nifK,C,C,C,A,NZ_CP181318.1_1532|nifK,NZ_CP181318.1,13
NZ_CP172404.1_1938|nifK,C,C,C,A,NZ_CP172404.1_1938|nifK,NZ_CP172404.1,13
NZ_CP170504.1_6113|nifK,C,C,C,A,NZ_CP170504.1_6113|nifK,NZ_CP170504.1,13
NZ_CP161826.1_1525|nifK,C,C,C,S,NZ_CP161826.1_1525|nifK,NZ_CP161826.1,14
NZ_CP158016.1_1064|nifK,C,C,C,S,NZ_CP158016.1_1064|nifK,NZ_CP158016.1,14
NZ_CP156084.1_2643|nifK,C,C,C,A,NZ_CP156084.1_2643|nifK,NZ_CP156084.1,13
NZ_CP151406.1_1226|nifK,C,C,C,S,NZ_CP151406.1_1226|nifK,NZ_CP151406.1,14
NZ_CP146207.1_1465|nifK,C,C,C,A,NZ_CP146207.1_1465|nifK,NZ_CP146207.1,13
NZ_CP141049.1_804|nifK,C,C,C,A,NZ_CP141049.1_804|nifK,NZ_CP141049.1,13
NZ_CP139858.1_926|nifK,C,C,C,A,NZ_CP139858.1_926|nifK,NZ_CP139858.1,13
NZ_CP139089.1_1952|nifK,C,C,C,A,NZ_CP139089.1_1952|nifK,NZ_CP139089.1,13
NZ_CP136862.1_1748|nifK,C,C,C,A,NZ_CP136862.1_1748|nifK,NZ_CP136862.1,13
NZ_CP134782.1_865|nifK,C,C,C,S,NZ_CP134782.1_865|nifK,NZ_CP134782.1,14
NZ_CP133656.1_2088|nifK,C,C,C,S,NZ_CP133656.1_2088|nifK,NZ_CP133656.1,14
NZ_CP130946.1_1381|nifK,C,C,C,A,NZ_CP130946.1_1381|nifK,NZ_CP130946.1,13
NZ_CP129212.1_6857|nifK,C,C,C,A,NZ_CP129212.1_6857|nifK,NZ_CP129212.1,13
NZ_CP127523.1_1523|nifK,C,C,C,A,NZ_CP127523.1_1523|nifK,NZ_CP127523.1,13
NZ_CP121669.1_6860|nifK,C,C,C,A,NZ_CP121669.1_6860|nifK,NZ_CP121669.1,13
NZ_CP121661.1_312|nifK,C,C,C,A,NZ_CP121661.1_312|nifK,NZ_CP121661.1,13
NZ_CP121472.1_4782|nifK,C,C,C,S,NZ_CP121472.1_4782|nifK,NZ_CP121472.1,14
NZ_CP120375.1_421|nifK,C,C,C,A,NZ_CP120375.1_421|nifK,NZ_CP120375.1,13
NZ_CP120366.1_1270|nifK,C,C,C,A,NZ_CP120366.1_1270|nifK,NZ_CP120366.1,13
NZ_CP116458.1_1275|nifK,C,C,C,A,NZ_CP116458.1_1275|nifK,NZ_CP116458.1,13
NZ_CP110921.1_423|nifK,C,C,C,A,NZ_CP110921.1_423|nifK,NZ_CP110921.1,13
NZ_CP104173.1_5599|nifK,C,C,C,A,NZ_CP104173.1_5599|nifK,NZ_CP104173.1,13
NZ_CP104156.1_315|nifK,C,C,C,A,NZ_CP104156.1_315|nifK,NZ_CP104156.1,13
NZ_CP104145.1_282|nifK,C,C,C,A,NZ_CP104145.1_282|nifK,NZ_CP104145.1,13
NZ_CP092968.1_79|nifK,C,C,C,A,NZ_CP092968.1_79|nifK,NZ_CP092968.1,13
NZ_CP090021.1_1162|nifK,C,C,C,A,NZ_CP090021.1_1162|nifK,NZ_CP090021.1,13
NZ_CP089309.1_1617|nifK,C,C,C,S,NZ_CP089309.1_1617|nifK,NZ_CP089309.1,14
NZ_CP088282.1_4914|nifK,C,C,C,A,NZ_CP088282.1_4914|nifK,NZ_CP088282.1,13
NZ_CP088156.1_6781|nifK,C,C,C,A,NZ_CP088156.1_6781|nifK,NZ_CP088156.1,13
NZ_CP088081.1_712|nifK,C,C,C,A,NZ_CP088081.1_712|nifK,NZ_CP088081.1,13
NZ_CP086111.1_3287|nifK,C,C,C,A,NZ_CP086111.1_3287|nifK,NZ_CP086111.1,13
NZ_CP084765.1_1669|nifK,C,C,C,S,NZ_CP084765.1_1669|nifK,NZ_CP084765.1,14
NZ_CP080624.1_2799|nifK,C,C,C,A,NZ_CP080624.1_2799|nifK,NZ_CP080624.1,13
NZ_CP076134.1_1652|nifK,C,C,C,A,NZ_CP076134.1_1652|nifK,NZ_CP076134.1,13
NZ_CP075188.1_944|nifK,C,C,C,S,NZ_CP075188.1_944|nifK,NZ_CP075188.1,14
NZ_CP073587.1_2776|nifK,C,C,C,S,NZ_CP073587.1_2776|nifK,NZ_CP073587.1,14
NZ_CP072801.1_1413|nifK,C,C,C,S,NZ_CP072801.1_1413|nifK,NZ_CP072801.1,14
NZ_CP071682.1_365|nifK,C,C,C,A,NZ_CP071682.1_365|nifK,NZ_CP071682.1,13
NZ_CP071608.1_113|nifK,C,C,C,A,NZ_CP071608.1_113|nifK,NZ_CP071608.1,13
NZ_CP071458.1_204|nifK,C,C,C,A,NZ_CP071458.1_204|nifK,NZ_CP071458.1,13
NZ_CP071060.1_2311|nifK,C,C,C,S,NZ_CP071060.1_2311|nifK,NZ_CP071060.1,14
NZ_CP069162.1_67|nifK,C,C,C,A,NZ_CP069162.1_67|nifK,NZ_CP069162.1,13
NZ_CP066356.1_7123|nifK,C,C,C,A,NZ_CP066356.1_7123|nifK,NZ_CP066356.1,13
NZ_CP064782.1_1176|nifK,C,C,C,S,NZ_CP064782.1_1176|nifK,NZ_CP064782.1,14
NZ_CP063425.1_2159|nifK,C,C,C,S,NZ_CP063425.1_2159|nifK,NZ_CP063425.1,14
NZ_CP062229.1_6902|nifK,C,C,C,A,NZ_CP062229.1_6902|nifK,NZ_CP062229.1,13
NZ_CP059488.1_1586|nifK,C,C,C,A,NZ_CP059488.1_1586|nifK,NZ_CP059488.1,13
NZ_CP054856.1_1712|nifK,C,C,C,A,NZ_CP054856.1_1712|nifK,NZ_CP054856.1,13
NZ_CP054030.1_250|nifK,C,C,C,A,NZ_CP054030.1_250|nifK,NZ_CP054030.1,13
NZ_CP053923.1_3682|nifK,C,C,C,S,NZ_CP053923.1_3682|nifK,NZ_CP053923.1,14
NZ_CP053482.1_2669|nifK,C,C,C,S,NZ_CP053482.1_2669|nifK,NZ_CP053482.1,14
NZ_CP051772.1_5992|nifK,C,C,C,A,NZ_CP051772.1_5992|nifK,NZ_CP051772.1,13
NZ_CP050508.1_2567|nifK,C,C,C,S,NZ_CP050508.1_2567|nifK,NZ_CP050508.1,14
NZ_CP048836.1_3746|nifK,C,C,C,S,NZ_CP048836.1_3746|nifK,NZ_CP048836.1,14
NZ_CP048029.1_2424|nifK,C,C,C,S,NZ_CP048029.1_2424|nifK,NZ_CP048029.1,14
