WP_071920767.1	WP_071920767.1
WP_071920767.1	WP_395676608.1
WP_071920767.1	WP_071920767.1
WP_071920767.1	WP_395676608.1
HTY03208.1	HTY03208.1
SMF28735.1	SMF28735.1
SMF28735.1	SMF28735.1
SMF28735.1	SMF28735.1
WP_342608843.1	WP_342608843.1
WP_065301048.1	WP_065301048.1
WP_087480076.1	WP_087480076.1
WP_408622404.1	WP_408622404.1
MCB1790297.1	MCB1790297.1
TVZ38837.1	TVZ38837.1
TVZ38837.1	TVZ38837.1
TVZ38837.1	TVZ38837.1
WP_248715258.1	WP_248715258.1
WP_411991325.1	WP_411991325.1
WP_317587310.1	WP_317587310.1
HUX90377.1	HUX90377.1
HKB60547.1	HKB60547.1
WP_037453969.1	WP_037453969.1
WP_090231421.1	WP_090231421.1
WP_072324455.1	WP_072324455.1
MFB0954922.1	MFB0954922.1
WP_290584875.1	WP_290584875.1
WP_290584875.1	WP_290584875.1
WP_290584875.1	WP_290584875.1
WP_102563980.1	WP_102563980.1
WP_263770278.1	WP_263770278.1
STT07139.1	STT07139.1
STT07139.1	STT07139.1
STV87869.1	STV87869.1
STV87869.1	STV87869.1
WP_285196709.1	WP_285196709.1
WP_285196709.1	WP_285196709.1
WP_285196709.1	WP_154062226.1
WP_285196709.1	AFN33208.1
WP_285196709.1	WP_154062226.1
WP_285196709.1	AFN33208.1
WP_343179197.1	WP_343179197.1
WP_343179197.1	WP_343179197.1
WP_174508571.1	WP_174508571.1
WP_174508571.1	WP_174508571.1
WP_367969050.1	WP_367969050.1
WP_367969050.1	WP_367969050.1
WP_317078404.1	WP_317078404.1
WP_317078404.1	WP_317078404.1
WP_263096672.1	WP_263096672.1
WP_263096672.1	WP_263096672.1
WP_208726920.1	WP_208726920.1
WP_208726920.1	WP_208726920.1
WP_299452009.1	WP_299452009.1
WP_299452009.1	WP_299452009.1
MDU2481565.1	MDU2481565.1
MDU2481565.1	MDU2481565.1
MDU2481565.1	WP_117127523.1
MDU2481565.1	WP_101991442.1
MDU2481565.1	WP_117127523.1
MDU2481565.1	WP_101991442.1
WP_016496139.1	WP_016496139.1
WP_016496139.1	WP_016496139.1
UNA35468.1	UNA35468.1
UNA35468.1	UNA35468.1
HCI6944875.1	HCI6944875.1
HCI6944875.1	HCI6944875.1
WP_136992379.1	WP_136992379.1
WP_136992379.1	WP_136992379.1
WP_342099272.1	WP_342099272.1
WP_342099272.1	WP_342099272.1
WP_264650208.1	WP_264650208.1
WP_264650208.1	WP_264650208.1
WP_012764135.1	WP_012764135.1
WP_012764135.1	WP_012764135.1
WP_057084659.1	WP_057084659.1
WP_057084659.1	WP_057084659.1
WP_315709200.1	WP_315709200.1
WP_315709200.1	WP_315709200.1
WP_150436673.1	WP_150436673.1
WP_150436673.1	WP_150436673.1
MCS5947033.1	MCS5947033.1
WP_169402336.1	WP_169402336.1
WP_169402336.1	WP_169402336.1
VTN09059.1	VTN09059.1
VTN09059.1	VTN09059.1
WP_101076621.1	WP_101076621.1
WP_101076621.1	WP_101076621.1
WP_334515508.1	WP_334515508.1
WP_334515508.1	WP_334515508.1
WP_410014905.1	WP_410014905.1
WP_410014905.1	WP_410014905.1
WP_119825856.1	WP_119825856.1
WP_119825856.1	WP_119825856.1
WP_323480475.1	WP_323480475.1
WP_323480475.1	WP_323480475.1
WP_110025349.1	WP_110025349.1
WP_110025349.1	WP_110025349.1
WP_413652693.1	WP_413652693.1
WP_413652693.1	WP_413652693.1
MDU7371549.1	MDU7371549.1
WP_162365685.1	WP_162365685.1
WP_162365685.1	WP_162365685.1
WP_413724376.1	WP_413724376.1
WP_413724376.1	WP_413724376.1
WP_413733387.1	WP_413733387.1
WP_413733387.1	WP_413733387.1
MBP8174313.1	MBP8174313.1
MBP8174313.1	MBP8174313.1
WP_109054125.1	WP_109054125.1
WP_109054125.1	WP_109054125.1
WP_249243861.1	WP_249243861.1
WP_249243861.1	WP_249243861.1
WP_264088649.1	WP_264088649.1
WP_264088649.1	WP_264088649.1
WP_121575309.1	WP_121575309.1
WP_121575309.1	WP_121575309.1
WP_137713605.1	WP_137713605.1
WP_137713605.1	WP_137713605.1
WP_321409178.1	WP_321409178.1
WP_321409178.1	WP_321409178.1
WP_048638835.1	WP_048638835.1
WP_048638835.1	WP_048638835.1
WP_172287534.1	WP_172287534.1
WP_172287534.1	WP_172287534.1
TXH64973.1	TXH64973.1
TXH64973.1	TXH64973.1
WP_377150441.1	WP_377150441.1
WP_377150441.1	WP_377150441.1
MEZ7862583.1	MEZ7862583.1
MEZ7862583.1	MEZ7862583.1
WP_327616663.1	WP_327616663.1
WP_327616663.1	WP_327616663.1
WP_284205642.1	WP_284205642.1
WP_284205642.1	WP_284205642.1
WP_354624055.1	WP_354624055.1
WP_354624055.1	WP_354624055.1
WP_238741081.1	WP_238741081.1
WP_238741081.1	WP_238741081.1
MEI6897025.1	MEI6897025.1
MEI6897025.1	MEI6897025.1
MCG8707819.1	MCG8707819.1
MCG8707819.1	MCG8707819.1
VEC98849.1	VEC98849.1
MCW8997036.1	MCW8997036.1
MCW8997036.1	MCW8997036.1
HCM4045274.1	HCM4045274.1
STV75701.1	STV75701.1
STV75701.1	WP_049097711.1
WP_345011656.1	WP_345011656.1
WP_345011656.1	WP_345011656.1
WP_415226485.1	WP_415226485.1
WP_415226485.1	WP_415226485.1
MDJ1657228.1	MDJ1657228.1
MDA7746862.1	MDA7746862.1
MDA7746862.1	MDA7746862.1
MGB5446138.1	MGB5446138.1
MGB5446138.1	MGB5446138.1
WP_423788205.1	WP_423788205.1
HEY5716374.1	HEY5716374.1
HEY5716374.1	HEY5716374.1
GAB3240554.1	GAB3240554.1
GAB3240554.1	GAB3240554.1
WP_372882455.1	WP_372882455.1
WP_372882455.1	WP_372882455.1
WP_408619757.1	WP_408619757.1
WP_408619757.1	WP_408619757.1
WP_124938101.1	WP_124938101.1
WP_415231477.1	WP_415231477.1
WP_415231477.1	WP_415231477.1
CAG9000801.1	CAG9000801.1
CAG9000801.1	CAG9000801.1
WP_225918195.1	WP_225918195.1
WP_225918195.1	WP_225918195.1
WP_305981427.1	WP_305981427.1
WP_305981427.1	WP_305981427.1
WP_354600406.1	WP_354600406.1
WP_354600406.1	WP_354600406.1
WP_078924465.1	WP_078924465.1
WP_078924465.1	WP_078924465.1
WP_131911019.1	WP_131911019.1
WP_131911019.1	WP_131911019.1
WP_018607812.1	WP_018607812.1
WP_018607812.1	WP_018607812.1
MEO5365522.1	MEO5365522.1
MDR3055937.1	MDR3055937.1
MBS1209326.1	MBS1209326.1
MBS1209326.1	MBS1209326.1
MDR1855246.1	MDR1855246.1
MBF0110569.1	MBF0110569.1
MBK9393123.1	MBK9393123.1
MBK9393123.1	MBK9393123.1
MBP8278354.1	MBP8278354.1
MBP8278354.1	MBP8278354.1
WP_275132871.1	WP_275132871.1
WP_232768116.1	WP_232768116.1
MBU1235486.1	MBU1235486.1
MBU1235486.1	MBU1235486.1
WP_432452903.1	WP_432452903.1
WP_432452903.1	WP_432452903.1
WP_132702624.1	WP_132702624.1
WP_153117340.1	WP_153117340.1
WP_245796775.1	WP_245796775.1
WP_245796775.1	WP_245796775.1
HTH40806.1	HTH40806.1
WP_331425882.1	WP_331425882.1
MFO1368269.1	MFO1368269.1
MFO1368269.1	HMW50338.1
MFO1368269.1	MFO1368269.1
MFO1368269.1	HMW50338.1
MGD9787996.1	MGD9787996.1
MGD9787996.1	MGD9787996.1
MGD9787996.1	MGD9787996.1
WP_127477661.1	WP_127477661.1
WP_127477661.1	WP_127477661.1
WP_127477661.1	WP_127477661.1
WP_319410477.1	WP_319410477.1
WP_138149702.1	WP_138149702.1
MBI5752984.1	MBI5752984.1
WP_085442139.1	WP_085442139.1
MBU1222806.1	MBU1222806.1
WP_166937034.1	WP_166937034.1
MCR4379355.1	MCR4379355.1
MBZ0104329.1	MBZ0104329.1
MGB0747283.1	MGB0747283.1
MEW6132967.1	MEW6132967.1
WP_324874617.1	WP_324874617.1
MFN3918752.1	MFN3918752.1
OIQ02855.1	OIQ02855.1
WP_101832443.1	WP_101832443.1
WP_101832443.1	WP_248823508.1
WP_101832443.1	WP_101832443.1
WP_101832443.1	WP_248823508.1
WP_261570393.1	WP_261570393.1
WP_261570393.1	Q47884.1
WP_261570393.1	WP_242422507.1
WP_261570393.1	Q47884.1
WP_261570393.1	WP_261570393.1
WP_261570393.1	WP_242422507.1
WP_070130920.1	WP_070130920.1
WP_070130920.1	WP_085003202.1
WP_070130920.1	WP_070130920.1
WP_070130920.1	WP_085003202.1
WP_420497650.1	WP_420497650.1
WP_420497650.1	WP_035753188.1
WP_420497650.1	WP_420497650.1
WP_420497650.1	WP_035753188.1
WP_013323674.1	WP_013323674.1
WP_013323674.1	WP_013323674.1
WP_013323674.1	WP_013323674.1
WP_413270997.1	WP_413270997.1
WP_413270997.1	WP_413270997.1
WP_413270997.1	WP_413270997.1
WP_413270997.1	WP_413270997.1
WP_190479239.1	WP_190479239.1
WP_190479239.1	WP_190479239.1
WP_190479239.1	WP_190479239.1
WP_190479239.1	WP_190479239.1
MEB3189261.1	MEB3189261.1
WP_235440953.1	WP_235440953.1
WP_235440953.1	WP_235440953.1
WP_235440953.1	WP_235440953.1
NJP19760.1	NJP19760.1
WP_229636960.1	WP_229636960.1
MBR8828845.1	MBR8828845.1
MBR8828845.1	MBR8828845.1
MBR8828845.1	MBR8828845.1
WP_015954160.1	WP_015954160.1
WP_374876848.1	WP_374876848.1
WP_374876848.1	WP_374876848.1
WP_374876848.1	WP_374876848.1
WP_374876848.1	WP_374876848.1
MEL7036581.1	MEL7036581.1
MEL7036581.1	MEL7036581.1
MEL7036581.1	MEL7036581.1
WP_103136257.1	WP_103136257.1
WP_103136257.1	WP_103136257.1
WP_103136257.1	WP_103136257.1
WP_413167105.1	WP_413167105.1
WP_413167105.1	WP_413167105.1
WP_413167105.1	WP_413167105.1
WP_413167105.1	WP_413167105.1
MEB3358327.1	MEB3358327.1
HBL10801.1	HBL10801.1
HBL10801.1	HBL10801.1
HBL10801.1	HBL10801.1
HBL10801.1	HBL10801.1
WP_150107133.1	WP_150107133.1
MDJ0632402.1	MDJ0632402.1
WP_330203342.1	WP_330203342.1
WP_021829751.1	WP_021829751.1
WP_267383974.1	WP_267383974.1
WP_267383974.1	WP_119260538.1
WP_267383974.1	WP_267383974.1
HAC63242.1	HAC63242.1
WP_283754770.1	WP_283754770.1
BAF47145.1	BAF47145.1
MGB8699679.1	MGB8699679.1
MGB8699679.1	MGB8699679.1
MGB8699679.1	MGB8699679.1
WP_103126296.1	WP_103126296.1
WP_103126296.1	WP_103126296.1
WP_103126296.1	WP_103126296.1
WP_414373890.1	WP_414373890.1
HEY9825794.1	HEY9825794.1
HEY9825794.1	HEY9825794.1
HEY9825794.1	HEY9825794.1
HEY9825794.1	HEY9825794.1
WP_323286869.1	WP_323286869.1
WP_323286869.1	WP_323286869.1
WP_323286869.1	WP_323286869.1
WP_083625623.1	WP_083625623.1
MEN9201982.1	MEN9201982.1
MBW4557405.1	MBW4557405.1
MBW4557405.1	MBW4557405.1
MBW4557405.1	MBW4557405.1
WP_144872092.1	WP_144872092.1
WP_144872092.1	MEM8831173.1
WP_144872092.1	MEM7759335.1
WP_144872092.1	MEM8831173.1
WP_144872092.1	WP_144872092.1
WP_179049253.1	WP_179049253.1
WP_179049253.1	WP_179049253.1
WP_179049253.1	WP_179049253.1
WP_407887517.1	WP_407887517.1
WP_407887517.1	WP_407887517.1
WP_407887517.1	WP_407887517.1
WP_407887517.1	WP_407887517.1
WP_214439240.1	WP_214439240.1
WP_214439240.1	WP_214439240.1
WP_214439240.1	WP_214439240.1
WP_214439240.1	WP_214439240.1
WP_015130189.1	WP_015130189.1
WP_015130189.1	WP_015130189.1
WP_015130189.1	WP_015130189.1
WP_073548880.1	WP_073548880.1
WP_073548880.1	WP_073548880.1
WP_073548880.1	WP_073548880.1
WP_404784485.1	WP_404784485.1
WP_404784485.1	WP_404784485.1
WP_404784485.1	WP_404784485.1
WP_272069188.1	WP_272069188.1
WP_272069188.1	WP_272069188.1
WP_272069188.1	WP_272069188.1
WP_096584001.1	WP_096584001.1
WP_096584001.1	WP_096584001.1
WP_096584001.1	WP_096584001.1
MFW6357614.1	MFW6357614.1
WP_316436489.1	WP_316436489.1
WP_316436489.1	WP_316436489.1
WP_316436489.1	WP_316436489.1
WP_316436489.1	WP_316436489.1
WP_066425558.1	WP_066425558.1
WP_066425558.1	WP_066380173.1
WP_066425558.1	WP_066425558.1
WP_414587947.1	WP_414587947.1
WP_414587947.1	WP_414587947.1
WP_414587947.1	WP_414587947.1
WP_026735552.1	WP_026735552.1
WP_026735552.1	WP_026735552.1
WP_026735552.1	PLZ99000.1
WP_280654962.1	WP_280654962.1
WP_015078854.1	WP_015078854.1
WP_015078854.1	WP_193935471.1
WP_015078854.1	WP_015078854.1
WP_015078854.1	WP_193935471.1
WP_271733939.1	WP_271733939.1
EKQ67132.1	EKQ67132.1
EKQ67132.1	EKQ67132.1
EKQ67132.1	EKQ67132.1
GAB4374509.1	GAB4374509.1
MBW4518456.1	MBW4518456.1
MBW4518456.1	MBW4518456.1
MBW4518456.1	MBW4518456.1
WP_224411712.1	WP_224411712.1
HBE18470.1	HBE18470.1
NJL89548.1	NJL89548.1
WP_075600246.1	WP_075600246.1
WP_075600246.1	WP_075600246.1
WP_075600246.1	WP_075600246.1
HEY9624421.1	HEY9624421.1
HEY9624421.1	HEY9624421.1
HEY9624421.1	HEY9624421.1
WP_153749107.1	WP_153749107.1
WP_132544370.1	WP_132544370.1
NBB69683.1	NBB69683.1
WP_092622032.1	WP_092622032.1
WP_274775169.1	WP_274775169.1
WP_125403585.1	WP_125403585.1
MGE5478503.1	MGE5478503.1
HEX9802878.1	HEX9802878.1
WP_101253229.1	WP_101253229.1
MGC9196098.1	MGC9196098.1
MEW6765263.1	MEW6765263.1
WP_052009728.1	WP_052009728.1
MBF0373487.1	MBF0373487.1
WP_163674947.1	WP_163674947.1
MGC9420770.1	MGC9420770.1
MGC9420770.1	WP_132461166.1
OGS90272.1	OGS90272.1
MBC7950318.1	MBC7950318.1
MEO5336596.1	MEO5336596.1
MGB8603393.1	MGB8603393.1
WP_309350444.1	WP_309350444.1
HRJ60865.1	HRJ60865.1
WP_212786930.1	WP_212786930.1
MFH2133572.1	MFH2133572.1
WP_200287996.1	WP_200287996.1
WP_377317097.1	WP_377317097.1
WP_353116159.1	WP_353116159.1
MBF0271820.1	MBF0271820.1
OYY75374.1	OYY75374.1
MEI7607495.1	MEI7607495.1
WP_110806757.1	WP_110806757.1
WP_110806757.1	WP_110806757.1
WP_223639326.1	WP_223639326.1
WP_223639326.1	WP_223639326.1
WP_305665578.1	WP_305665578.1
WP_305665578.1	WP_305665578.1
WP_092419791.1	WP_092419791.1
WP_092419791.1	WP_092419791.1
MBB93967.1	MBB93967.1
MBB93967.1	MBB93967.1
WP_258092631.1	WP_258092631.1
WP_258092631.1	WP_258092631.1
MEO1677801.1	MEO1677801.1
MEO1677801.1	MEO1677801.1
WP_259549720.1	WP_259549720.1
WP_259549720.1	WP_259549720.1
WP_224820406.1	WP_224820406.1
WP_224820406.1	WP_224820406.1
WP_164179809.1	WP_164179809.1
WP_164179809.1	WP_164179809.1
MCB1356029.1	MCB1356029.1
MCB1356029.1	MCB1356029.1
WP_369835895.1	WP_369835895.1
WP_369835895.1	WP_369835895.1
WP_320243396.1	WP_320243396.1
WP_320243396.1	WP_320243396.1
WP_206894911.1	WP_206894911.1
WP_206894911.1	WP_206894911.1
WP_100929774.1	WP_100929774.1
WP_100929774.1	WP_100929774.1
MAC76528.1	MAC76528.1
MAC76528.1	MAC76528.1
MGF1659232.1	MGF1659232.1
MGF1659232.1	MGF1659232.1
WP_425090891.1	WP_425090891.1
WP_425090891.1	WP_425090891.1
WP_227252253.1	WP_227252253.1
WP_227252253.1	WP_227252253.1
WP_116133776.1	WP_116133776.1
WP_116133776.1	WP_116133776.1
MEM8554225.1	MEM8554225.1
MEM8554225.1	MEM8554225.1
WP_172328110.1	WP_172328110.1
WP_172328110.1	WP_172328110.1
MEM8957956.1	MEM8957956.1
MEM8957956.1	MEM8957956.1
MCV6596984.1	MCV6596984.1
MCV6596984.1	MCV6596984.1
WP_287014265.1	WP_287014265.1
WP_287014265.1	WP_287014265.1
MEM8836622.1	MEM8836622.1
MEM8836622.1	MEM8836622.1
MEM8571761.1	MEM8571761.1
MEM8571761.1	MEM8571761.1
MEM9762287.1	MEM9762287.1
MEM9762287.1	MEM9762287.1
WP_149866408.1	WP_149866408.1
WP_149866408.1	WP_149866408.1
WP_107325657.1	WP_107325657.1
WP_107325657.1	WP_107325657.1
MGB0661730.1	MGB0661730.1
MGB0661730.1	MGB0661730.1
WP_008029901.1	WP_008029901.1
WP_008029901.1	WP_008029901.1
WP_093360034.1	WP_093360034.1
WP_093360034.1	WP_093360034.1
WP_108643169.1	WP_108643169.1
WP_108643169.1	WP_108643169.1
MEM8597368.1	MEM8597368.1
MEM8597368.1	MEM8597368.1
WP_095590442.1	WP_095590442.1
WP_095590442.1	WP_095590442.1
WP_078709056.1	WP_078709056.1
WP_078709056.1	WP_078709056.1
WP_107662499.1	WP_107662499.1
WP_107662499.1	WP_107662499.1
MCA8878568.1	MCA8878568.1
MCA8878568.1	MCA8878568.1
MBN2907828.1	MBN2907828.1
MBN2907828.1	MBN2907828.1
MEO1775226.1	MEO1775226.1
MEO1775226.1	MEO1775226.1
WP_119004428.1	WP_119004428.1
WP_119004428.1	WP_119004428.1
MEO1090512.1	MEO1090512.1
MEO1090512.1	MEO1090512.1
WP_081532792.1	WP_081532792.1
WP_081532792.1	WP_081532792.1
MEL6196671.1	MEL6196671.1
MEL6196671.1	MEL6196671.1
WP_420023703.1	WP_420023703.1
WP_420023703.1	WP_420023703.1
WP_234208164.1	WP_234208164.1
WP_234208164.1	WP_234208164.1
WP_132694337.1	WP_132694337.1
WP_132694337.1	WP_132694337.1
WP_132605266.1	WP_132605266.1
WP_132605266.1	WP_132605266.1
WP_076365243.1	WP_076365243.1
WP_076365243.1	WP_076365243.1
WP_331684430.1	WP_331684430.1
WP_331684430.1	WP_331684430.1
WP_097029646.1	WP_097029646.1
WP_097029646.1	WP_097029646.1
WP_132951037.1	WP_132951037.1
WP_132951037.1	WP_132951037.1
MDT8854290.1	MDT8854290.1
MDT8854290.1	MDT8854290.1
WP_074219411.1	WP_074219411.1
WP_074219411.1	WP_074219411.1
WP_233829237.1	WP_233829237.1
WP_233829237.1	WP_233829237.1
WP_169258499.1	WP_169258499.1
WP_169258499.1	WP_169258499.1
TVQ39291.1	TVQ39291.1
TVQ39291.1	TVQ39291.1
WP_015434420.1	WP_015434420.1
WP_015434420.1	WP_015434420.1
MEQ8825246.1	MEQ8825246.1
MEQ8825246.1	MEQ8825246.1
MFA6040959.1	MFA6040959.1
WP_169160992.1	WP_169160992.1
MDX1914379.1	MDX1914379.1
WP_012346396.1	WP_012346396.1
HET6719302.1	HET6719302.1
WP_300483575.1	WP_300483575.1
HEY3301084.1	HEY3301084.1
WP_253088415.1	WP_253088415.1
WP_253088415.1	WP_253088415.1
WP_169143560.1	WP_169143560.1
WP_169143560.1	WP_169143560.1
MBL8359626.1	MBL8359626.1
NOT67387.1	NOT67387.1
WP_333506675.1	WP_333506675.1
WP_333506675.1	WP_333506675.1
MBF0624465.1	MBF0624465.1
WP_028534987.1	WP_028534987.1
MGE5506237.1	MGE5506237.1
MFP4360091.1	MFP4360091.1
MFP4360091.1	MFP4360091.1
NWG39473.1	NWG39473.1
NCU20307.1	NCU20307.1
MBL8440962.1	MBL8440962.1
MBL8440962.1	MBL8440962.1
HVI51300.1	HVI51300.1
HVI51300.1	HVI51300.1
WP_322466466.1	WP_322466466.1
HLP43285.1	HLP43285.1
WP_341427818.1	WP_341427818.1
MDR3556110.1	MDR3556110.1
MDR3556110.1	MDR3556110.1
WP_424194779.1	WP_424194779.1
HEX8962731.1	HEX8962731.1
WP_157271491.1	WP_157271491.1
MDR3569397.1	MDR3569397.1
MDR3569397.1	MDR3569397.1
WP_200294943.1	WP_200294943.1
WP_084559291.1	WP_084559291.1
WP_084559291.1	WP_084559291.1
WP_299438344.1	WP_299438344.1
WP_119157018.1	WP_119157018.1
MDA8230222.1	MDA8230222.1
WP_305722424.1	WP_305722424.1
WP_136384180.1	WP_136384180.1
WP_320383065.1	WP_320383065.1
MDR3394097.1	MDR3394097.1
WP_379077189.1	WP_379077189.1
WP_331509006.1	WP_331509006.1
WP_237990003.1	WP_237990003.1
WP_237990003.1	WP_237990003.1
WP_420760823.1	WP_420760823.1
WP_420760823.1	WP_420760823.1
MFH7029062.1	MFH7029062.1
MFH7029062.1	MFH7029062.1
WP_190674582.1	WP_190674582.1
WP_190674582.1	WP_190674582.1
WP_190456613.1	WP_190456613.1
WP_190456613.1	WP_190456613.1
HLP92283.1	HLP92283.1
HLP92283.1	HLP92283.1
WP_089130938.1	WP_089130938.1
WP_089130938.1	WP_089130938.1
WP_190605141.1	WP_190605141.1
WP_190605141.1	WP_190605141.1
WP_017314885.1	WP_017314885.1
WP_017314885.1	WP_017314885.1
WP_323359434.1	WP_323359434.1
WP_323359434.1	WP_323359434.1
WP_300640387.1	WP_300640387.1
WP_300640387.1	WP_300640387.1
MBR8837453.1	MBR8837453.1
MBR8837453.1	MBR8837453.1
WP_280652911.1	WP_280652911.1
WP_280652911.1	WP_280652911.1
WP_277127554.1	WP_277127554.1
WP_277127554.1	WP_277127554.1
WP_190836859.1	WP_190836859.1
WP_190836859.1	WP_190836859.1
WP_015196874.1	WP_015196874.1
WP_015196874.1	WP_015196874.1
MDJ0733693.1	MDJ0733693.1
MDJ0733693.1	MDJ0733693.1
MDF5720060.1	MDF5720060.1
MDF5720060.1	MDF5720060.1
WP_088240273.1	WP_088240273.1
WP_088240273.1	WP_088240273.1
MBW4667283.1	MBW4667283.1
MBW4667283.1	MBW4667283.1
WP_095724261.1	WP_095724261.1
WP_095724261.1	WP_095724261.1
WP_194060010.1	WP_194060010.1
WP_194060010.1	WP_194060010.1
MEM7554836.1	MEM7554836.1
MEM7554836.1	MEM7554836.1
MEC4817152.1	MEC4817152.1
MEC4817152.1	MEC4817152.1
NRB09024.1	NRB09024.1
NRB09024.1	NRB09024.1
WP_208350662.1	WP_208350662.1
WP_208350662.1	WP_208350662.1
WP_353930863.1	WP_353930863.1
WP_353930863.1	WP_353930863.1
MEB3182557.1	MEB3182557.1
MEB3182557.1	MEB3182557.1
MBW4508368.1	MBW4508368.1
MBW4508368.1	MBW4508368.1
WP_035159602.1	WP_035159602.1
WP_035159602.1	WP_035159602.1
WP_015156523.1	WP_015156523.1
WP_015156523.1	WP_015156523.1
NJL11466.1	NJL11466.1
NJL11466.1	NJL11466.1
WP_008228849.1	WP_008228849.1
WP_008228849.1	WP_008228849.1
WP_198125286.1	WP_198125286.1
WP_198125286.1	WP_198125286.1
WP_190369995.1	WP_190369995.1
WP_414619649.1	WP_414619649.1
WP_414619649.1	WP_414619649.1
WP_323235979.1	WP_323235979.1
WP_323235979.1	WP_323235979.1
WP_127085420.1	WP_127085420.1
WP_127085420.1	WP_127085420.1
GAB4200900.1	GAB4200900.1
GAB4200900.1	GAB4200900.1
WP_096625216.1	WP_096625216.1
WP_096625216.1	WP_096625216.1
WP_414577001.1	WP_414577001.1
WP_414577001.1	WP_414577001.1
WP_340095200.1	WP_340095200.1
WP_340095200.1	WP_340095200.1
WP_015181346.1	WP_015181346.1
WP_015181346.1	WP_015181346.1
MGE5656725.1	MGE5656725.1
MGE5656725.1	MGE5656725.1
NJO78732.1	NJO78732.1
NJO78732.1	NJO78732.1
MCA1994896.1	MCA1994896.1
MCA1994896.1	MCA1994896.1
WP_017716696.1	WP_017716696.1
WP_017716696.1	WP_017716696.1
MBW4641457.1	MBW4641457.1
MBW4641457.1	MBW4641457.1
WP_414541501.1	WP_414541501.1
WP_414541501.1	WP_414541501.1
HAA28137.1	HAA28137.1
HAA28137.1	HAA28137.1
WP_280650122.1	WP_280650122.1
WP_280650122.1	WP_280650122.1
MCS6814201.1	MCS6814201.1
MCS6814201.1	MCS6814201.1
MCU0569570.1	MCU0569570.1
NEO31952.1	NEO31952.1
WP_323197518.1	WP_323197518.1
WP_323197518.1	WP_323197518.1
MGB7440324.1	MGB7440324.1
MGB7440324.1	MGB7440324.1
MBI4780942.1	MBI4780942.1
MBI4780942.1	MBI4780942.1
WP_414526382.1	WP_414526382.1
WP_414526382.1	WP_414526382.1
MGB3513721.1	MGB3513721.1
PSB10745.1	PSB10745.1
PSB10745.1	PSB10745.1
NJR49232.1	NJR49232.1
NJR49232.1	NJR49232.1
WP_019499577.1	WP_019499577.1
HIK14219.1	HIK14219.1
HIK14219.1	HIK14219.1
WP_431656928.1	WP_431656928.1
WP_431656928.1	WP_431656928.1
HBL61297.1	HBL61297.1
HBL61297.1	HBL61297.1
HLO50152.1	HLO50152.1
HLO50152.1	HLO50152.1
WP_190574051.1	WP_190574051.1
MBF2074168.1	MBF2074168.1
XGV99317.1	XGV99317.1
XGV99317.1	XGV99317.1
MGA7937252.1	MGA7937252.1
WP_235488375.1	WP_235488375.1
WP_235488375.1	WP_235488375.1
WP_091276708.1	WP_091276708.1
WP_091276708.1	WP_091276708.1
OAA29062.1	OAA29062.1
OAA29062.1	OAA29062.1
HEX7662811.1	HEX7662811.1
HEX7662811.1	HEX7662811.1
MBX6388869.1	MBX6388869.1
MBX6388869.1	MBX6388869.1
WP_131786724.1	WP_131786724.1
WP_131786724.1	WP_131786724.1
MDD4865870.1	MDD4865870.1
MDD4865870.1	MDD4865870.1
WP_322756514.1	WP_322756514.1
WP_322756514.1	WP_322756514.1
MGB5112914.1	MGB5112914.1
MGB5112914.1	MGB5112914.1
WP_241250325.1	WP_241250325.1
WP_241250325.1	WP_241250325.1
WP_239308093.1	WP_239308093.1
WP_239308093.1	WP_239308093.1
HET9655560.1	HET9655560.1
HET9655560.1	HET9655560.1
WP_084692368.1	WP_084692368.1
WP_084692368.1	WP_084692368.1
WP_364052285.1	WP_364052285.1
WP_364052285.1	WP_364052285.1
MEJ2579550.1	MEJ2579550.1
MEJ2579550.1	MEJ2579550.1
WP_243070160.1	WP_243070160.1
WP_243070160.1	WP_243070160.1
NNJ61335.1	NNJ61335.1
NNJ61335.1	NNJ61335.1
HEY6795286.1	HEY6795286.1
HEY6795286.1	HEY6795286.1
MDQ5840462.1	MDQ5840462.1
MDQ5840462.1	MDQ5840462.1
WP_039727194.1	WP_039727194.1
WP_039727194.1	WP_039727194.1
MDA8392277.1	MDA8392277.1
MDA8392277.1	MDA8392277.1
NJO72587.1	NJO72587.1
NJO72587.1	NJO72587.1
MEM1293081.1	MEM1293081.1
WP_102205136.1	WP_102205136.1
WP_102205136.1	WP_102205136.1
WP_323299218.1	WP_323299218.1
WP_323299218.1	WP_323299218.1
WP_414756027.1	WP_414756027.1
WP_414756027.1	WP_414756027.1
WP_407885711.1	WP_407885711.1
WP_407885711.1	WP_407885711.1
MBW4467785.1	MBW4467785.1
MEO1144439.1	MEO1144439.1
WP_071516249.1	WP_071516249.1
WP_071516249.1	WP_071516249.1
MEO1298569.1	MEO1298569.1
WP_012595095.1	WP_012595095.1
WP_012595095.1	WP_012595095.1
ARV60555.1	ARV60555.1
ARV60555.1	ARV60555.1
WP_190503680.1	WP_190503680.1
WP_190503680.1	WP_190503680.1
MBR8838318.1	MBR8838318.1
WP_073592982.1	WP_073592982.1
WP_073592982.1	WP_073592982.1
WP_072721284.1	WP_072721284.1
WP_072721284.1	WP_072721284.1
NER79047.1	NER79047.1
MEM9567211.1	MEM9567211.1
MEM9567211.1	MEM9567211.1
MGB5771577.1	MGB5771577.1
MGB5771577.1	MGB5771577.1
WP_124976503.1	WP_124976503.1
WP_124976503.1	WP_124976503.1
MDJ0898929.1	MDJ0898929.1
MDJ0898929.1	MDJ0898929.1
WP_292705118.1	WP_292705118.1
MDJ0692094.1	MDJ0692094.1
MDJ0692094.1	MDJ0692094.1
MDF5723073.1	MDF5723073.1
WP_017298857.1	WP_017298857.1
WP_332866521.1	WP_332866521.1
WP_332866521.1	WP_332866521.1
WP_235277336.1	WP_235277336.1
WP_235277336.1	WP_235277336.1
WP_193885846.1	WP_193885846.1
MBJ7901417.1	MBJ7901417.1
MBJ7901417.1	MBJ7901417.1
WP_190497307.1	WP_190497307.1
WP_223045967.1	WP_223045967.1
WP_107666536.1	WP_107666536.1
WP_107666536.1	WP_107666536.1
MDJ0716890.1	MDJ0716890.1
MDJ0716890.1	MDJ0716890.1
WP_272061722.1	WP_272061722.1
WP_394486430.1	WP_394486430.1
WP_394486430.1	WP_394486430.1
MDJ0679153.1	MDJ0679153.1
MDJ0679153.1	MDJ0679153.1
HUT74499.1	HUT74499.1
MEM6255474.1	MEM6255474.1
MEM7769668.1	MEM7769668.1
WP_015145020.1	WP_015145020.1
WP_015145020.1	WP_015145020.1
MEN9224140.1	MEN9224140.1
MEN9224140.1	MEN9224140.1
MEO0409496.1	MEO0409496.1
MDX2096293.1	MDX2096293.1
WP_190715312.1	WP_190715312.1
WP_297076592.1	WP_297076592.1
NJL46931.1	NJL46931.1
MEO1396160.1	MEO1396160.1
P23122.1	P23122.1
P23122.1	P23122.1
P23122.1	WP_165893579.1
P23122.1	WP_165893579.1
WP_377814366.1	WP_377814366.1
WP_377814366.1	WP_377814366.1
WP_144570829.1	WP_144570829.1
WP_144570829.1	WP_144570829.1
WP_386364833.1	WP_386364833.1
WP_386364833.1	WP_386364833.1
WP_338021247.1	WP_338021247.1
WP_338021247.1	WP_338021247.1
WP_229606662.1	WP_229606662.1
WP_229606662.1	WP_229606662.1
WP_131183805.1	WP_131183805.1
WP_131183805.1	WP_131183805.1
WP_201485687.1	WP_201485687.1
WP_201485687.1	WP_201485687.1
WP_065835925.1	WP_065835925.1
WP_065835925.1	WP_065835925.1
WP_331152981.1	WP_331152981.1
WP_331152981.1	WP_331152981.1
OHC62693.1	OHC62693.1
OHC62693.1	OHC62693.1
OHC62693.1	WP_102654353.1
OHC62693.1	WP_102654353.1
OHC62693.1	WP_172150857.1
OHC62693.1	WP_172150857.1
NPU93508.1	NPU93508.1
NPU93508.1	NPU93508.1
WP_304844030.1	WP_304844030.1
WP_304844030.1	WP_304844030.1
PZR59064.1	PZR59064.1
PZR59064.1	PZR59064.1
PZR59064.1	WP_303877631.1
PZR59064.1	WP_303877631.1
NNM52879.1	NNM52879.1
NNM52879.1	NNM52879.1
TNF58840.1	TNF58840.1
TNF58840.1	TNF58840.1
WP_015817451.1	WP_015817451.1
WP_015817451.1	WP_015817451.1
WP_233089716.1	WP_233089716.1
WP_233089716.1	WP_233089716.1
WP_290575552.1	WP_290575552.1
WP_290575552.1	WP_290575552.1
WP_075185628.1	WP_075185628.1
WP_075185628.1	WP_075185628.1
WP_206046785.1	WP_206046785.1
WP_206046785.1	WP_206046785.1
MFT3931118.1	MFT3931118.1
MFT3931118.1	MFT3931118.1
MBM94951.1	MBM94951.1
MBM94951.1	MBM94951.1
WP_320818659.1	WP_320818659.1
WP_320818659.1	WP_320818659.1
WP_276784442.1	WP_276784442.1
WP_276784442.1	WP_276784442.1
HBS41916.1	HBS41916.1
HBS41916.1	HBS41916.1
WP_418259613.1	WP_418259613.1
WP_418259613.1	WP_418259613.1
MAR89758.1	MAR89758.1
MAR89758.1	MAR89758.1
WP_082070623.1	WP_082070623.1
WP_082070623.1	WP_082070623.1
MGB1092216.1	MGB1092216.1
MGB1092216.1	MGB1092216.1
WP_283173855.1	WP_283173855.1
WP_283173855.1	WP_283173855.1
MAD47681.1	MAD47681.1
MAD47681.1	MAD47681.1
WP_160965862.1	WP_160965862.1
WP_160965862.1	WP_160965862.1
WP_369855639.1	WP_369855639.1
WP_369855639.1	WP_369855639.1
WP_296982005.1	WP_296982005.1
WP_296982005.1	WP_296982005.1
MDK2776227.1	MDK2776227.1
MDK2776227.1	MDK2776227.1
GAB1260398.1	GAB1260398.1
GAB1260398.1	GAB1260398.1
HEX4975633.1	HEX4975633.1
HEX4975633.1	HEX4975633.1
NOZ37511.1	NOZ37511.1
NOZ37511.1	NOZ37511.1
MCG8533558.1	MCG8533558.1
MCG8533558.1	MCG8533558.1
WP_221797331.1	WP_221797331.1
WP_221797331.1	WP_221797331.1
MCX8049199.1	MCX8049199.1
MCX8049199.1	MCX8049199.1
WP_114278852.1	WP_114278852.1
WP_114278852.1	WP_114278852.1
WP_096085028.1	WP_096085028.1
WP_096085028.1	WP_096085028.1
WP_205434753.1	WP_205434753.1
WP_205434753.1	WP_205434753.1
WP_333689200.1	WP_333689200.1
WP_333689200.1	WP_333689200.1
MBS1211724.1	MBS1211724.1
MBS1211724.1	MBS1211724.1
MDD5034575.1	MDD5034575.1
MDD5034575.1	MDD5034575.1
MDY6828456.1	MDY6828456.1
MDY6828456.1	MDY6828456.1
WP_306603648.1	WP_306603648.1
WP_139557966.1	WP_139557966.1
WP_139557966.1	WP_139557966.1
WP_084161558.1	WP_084161558.1
WP_084161558.1	WP_084161558.1
WP_348757094.1	WP_348757094.1
WP_348757094.1	WP_348757094.1
WP_332896620.1	WP_332896620.1
WP_332896620.1	WP_332896620.1
WP_317929949.1	WP_317929949.1
WP_317929949.1	WP_317929949.1
HWP00351.1	HWP00351.1
HWP00351.1	HWP00351.1
WP_169148465.1	WP_169148465.1
WP_169148465.1	WP_169148465.1
WP_324880813.1	WP_324880813.1
WP_324880813.1	WP_324880813.1
WP_051298310.1	WP_051298310.1
WP_051298310.1	WP_051298310.1
WP_132297902.1	WP_132297902.1
WP_132297902.1	WP_132297902.1
HKI62497.1	HKI62497.1
HKI62497.1	HKI62497.1
WP_217414871.1	WP_217414871.1
WP_217414871.1	WP_217414871.1
WP_029010970.1	WP_029010970.1
WP_029010970.1	WP_029010970.1
MGE0081994.1	MGE0081994.1
MGE0081994.1	MGE0081994.1
WP_018295169.1	WP_018295169.1
WP_018295169.1	WP_018295169.1
OIO71241.1	OIO71241.1
OIO71241.1	OIO71241.1
MBZ0090856.1	MBZ0090856.1
MBZ0090856.1	MBZ0090856.1
WP_085216627.1	WP_085216627.1
WP_085216627.1	WP_085216627.1
MBC7861050.1	MBC7861050.1
MBC7861050.1	MBC7861050.1
MDY6942191.1	MDY6942191.1
MDY6942191.1	MDY6942191.1
WP_416693883.1	WP_416693883.1
MGB1109603.1	MGB1109603.1
MGB1109603.1	MGB1109603.1
WP_275709318.1	WP_275709318.1
WP_275709318.1	WP_412480445.1
WP_069958465.1	WP_069958465.1
WP_069958465.1	WP_069958465.1
WP_159682692.1	WP_159682692.1
WP_238627862.1	WP_238627862.1
MBF0249411.1	MBF0249411.1
MBF0249411.1	MBF0249411.1
NOY15621.1	NOY15621.1
HUL13670.1	HUL13670.1
HUL13670.1	HUL13670.1
WP_045225275.1	WP_045225275.1
MGB7934945.1	MGB7934945.1
MGB7934945.1	MGB7934945.1
NJD24183.1	NJD24183.1
WP_324878206.1	WP_324878206.1
WP_324878206.1	WP_324878206.1
WP_291992854.1	WP_291992854.1
WP_370978148.1	WP_370978148.1
WP_370978148.1	WP_370978148.1
WP_374480874.1	WP_374480874.1
WP_374480874.1	WP_374480874.1
MDD5330674.1	MDD5330674.1
HET9700144.1	HET9700144.1
