,hit,contig,score
GB_GCA_001563305.1,CP013703.1_1244_A,CP013703.1_1244,0
GB_GCA_003164755.1,PLUB01000010.1_90_A,PLUB01000010.1_90,0
GB_GCA_015063165.1,SUSZ01000024.1_13_A,SUSZ01000024.1_13,0
GB_GCA_019262145.1,CP076745.1_345_A,CP076745.1_345,0
GB_GCA_025350045.1,JANXYM010000106.1_10_A,JANXYM010000106.1_10,0
GB_GCA_030168595.1,CP115556.1_691_B,CP115556.1_691,0
GB_GCA_031288985.1,JAITQH010000006.1_7_A,JAITQH010000006.1_7,0
GB_GCA_035561295.1,DATMXW010000137.1_31_A,DATMXW010000137.1_31,0
GB_GCA_041645435.1,JBAZQB010000006.1_206_A,JBAZQB010000006.1_206,0
GB_GCA_050014375.1,JBEKDM010000014.1_6_A,JBEKDM010000014.1_6,0
GB_GCA_944320495.1,CALUHR010000011.1_2_A,CALUHR010000011.1_2,0
GB_GCA_963631655.1,CAVGRR010000110.1_2_A,CAVGRR010000110.1_2,0
GB_GCA_963662735.1,OY759744.1_517_A,OY759744.1_517,0
GB_GCA_963676675.2,OY781161.1_1111_A,OY781161.1_1111,0
GB_GCA_963738255.1,CAVTVW010000004.1_479_A,CAVTVW010000004.1_479,0
GB_GCA_963790005.1,CAWBMY010000005.1_2_A,CAWBMY010000005.1_2,0
GB_GCA_964409915.1,CAYPEQ010000003.1_47_A,CAYPEQ010000003.1_47,0
GB_GCA_964548585.1,CAZJRS010000106.1_4_A,CAZJRS010000106.1_4,0
GB_GCA_965229365.1,OZ245878.1_1280_A,OZ245878.1_1280,0
RS_GCF_000024185.1,NC_013790.1_461_A,NC_013790.1_461,0
RS_GCF_000621965.1,NZ_KK211375.1_122_A,NZ_KK211375.1_122,0
RS_GCF_003268005.1,NZ_CP014213.1_1853_A,NZ_CP014213.1_1853,0
RS_GCF_018502485.1,NZ_CP075546.1_1942_A,NZ_CP075546.1_1942,0
RS_GCF_028679125.1,NZ_JAJRCG010000012.1_5_A,NZ_JAJRCG010000012.1_5,0
RS_GCF_035543475.1,NZ_DATKKA010000022.1_13_A,NZ_DATKKA010000022.1_13,0
RS_GCF_049518935.1,NZ_JBEKRH010000020.1_21_A,NZ_JBEKRH010000020.1_21,0
RS_GCF_963678795.2,NZ_CAXXIR010000001.1_151_A,NZ_CAXXIR010000001.1_151,0
GB_GCA_001602925.1,LUZT01000006.1_402_A,LUZT01000006.1_402,0
GB_GCA_002011745.1,MTOU01000029.1_13_A,MTOU01000029.1_13,0
GB_GCA_002306975.1,DBTI01000098.1_8_A,DBTI01000098.1_8,0
GB_GCA_002307185.1,DBTT01000042.1_4_A,DBTT01000042.1_4,0
GB_GCA_002392915.1,DGHQ01000005.1_13_A,DGHQ01000005.1_13,0
GB_GCA_002413345.1,DHWU01000023.1_36_A,DHWU01000023.1_36,0
GB_GCA_002452405.1,DKFP01000009.1_223_A,DKFP01000009.1_223,0
GB_GCA_003246335.1,QKAR01000043.1_8_A,QKAR01000043.1_8,0
GB_GCA_003990955.1,BIFV01000005.1_3_A,BIFV01000005.1_3,0
GB_GCA_008125075.1,VLTH01000002.1_2062_A,VLTH01000002.1_2062,0
GB_GCA_011040095.1,DRDE01000098.1_5_A,DRDE01000098.1_5,0
GB_GCA_013152195.1,JAADGU010000141.1_2_A,JAADGU010000141.1_2,0
GB_GCA_013336025.1,JAAXUM010000012.1_2_A,JAAXUM010000012.1_2,0
GB_GCA_015233655.1,JADFXI010000125.1_8_A,JADFXI010000125.1_8,0
GB_GCA_015654635.1,JAATGP010000008.1_6_A,JAATGP010000008.1_6,0
GB_GCA_016213825.1,JACQZP010000031.1_35_A,JACQZP010000031.1_35,0
GB_GCA_016285135.1,JAEEQC010000038.1_7_A,JAEEQC010000038.1_7,0
GB_GCA_016841205.1,JAENZP010000001.1_243_A,JAENZP010000001.1_243,0
GB_GCA_017420535.1,JAFOIV010000026.1_31_A,JAFOIV010000026.1_31,0
GB_GCA_017544125.1,JAFYET010000108.1_2_A,JAFYET010000108.1_2,0
GB_GCA_017860295.1,JAFNAS010000019.1_43_A,JAFNAS010000019.1_43,0
GB_GCA_017889705.1,JAGGAB010000004.1_104_A,JAGGAB010000004.1_104,0
GB_GCA_018262505.1,JAGSYV010000169.1_4_A,JAGSYV010000169.1_4,0
GB_GCA_020054815.1,JAIHAN010000010.1_32_A,JAIHAN010000010.1_32,0
GB_GCA_021372375.1,JAJFUN010000087.1_10_A,JAJFUN010000087.1_10,0
GB_GCA_021786555.1,JAJYNB010000406.1_3_A,JAJYNB010000406.1_3,0
GB_GCA_022508725.1,JAFLUR010000007.1_6_A,JAFLUR010000007.1_6,0
GB_GCA_023388195.1,JAEWGR010000147.1_8_A,JAEWGR010000147.1_8,0
GB_GCA_023392075.1,JAEVZU010000095.1_10_A,JAEVZU010000095.1_10,0
GB_GCA_023397655.1,JAEWTW010000012.1_123_A,JAEWTW010000012.1_123,0
GB_GCA_023398815.1,JAEWRW010000037.1_44_A,JAEWRW010000037.1_44,0
GB_GCA_023408075.1,JAEYKW010000009.1_35_A,JAEYKW010000009.1_35,0
GB_GCA_023409535.1,JAEYGZ010000027.1_339_A,JAEYGZ010000027.1_339,0
GB_GCA_023412275.1,JAEYNY010000136.1_8_A,JAEYNY010000136.1_8,0
GB_GCA_023415775.1,JAEZJM010000014.1_50_A,JAEZJM010000014.1_50,0
GB_GCA_023423045.1,JAFAGA010000013.1_14_A,JAFAGA010000013.1_14,0
GB_GCA_023429995.1,JAEZCE010000027.1_135_A,JAEZCE010000027.1_135,0
GB_GCA_023436145.1,JAEZKP010000087.1_32_B,JAEZKP010000087.1_32,0
GB_GCA_023443285.1,JAEZVB010000091.1_14_A,JAEZVB010000091.1_14,0
GB_GCA_023701135.1,JAMPXP010000016.1_61_A,JAMPXP010000016.1_61,0
GB_GCA_026982355.1,JALSHG010000055.1_3_A,JALSHG010000055.1_3,0
GB_GCA_028692415.1,JAQUXM010000024.1_13_A,JAQUXM010000024.1_13,0
GB_GCA_029266335.1,JAQSXC010000001.1_47_A,JAQSXC010000001.1_47,0
GB_GCA_030445805.1,JASUTA010000042.1_3_A,JASUTA010000042.1_3,0
GB_GCA_031260235.1,JAIRKG010000065.1_20_A,JAIRKG010000065.1_20,0
GB_GCA_031262245.1,JAISIJ010000083.1_27_A,JAISIJ010000083.1_27,0
GB_GCA_031270705.1,JAISWW010000200.1_10_A,JAISWW010000200.1_10,0
GB_GCA_031272745.1,JAISTF010000115.1_4_A,JAISTF010000115.1_4,0
GB_GCA_031274425.1,JAISQE010000139.1_10_A,JAISQE010000139.1_10,0
GB_GCA_031276855.1,JAISMH010000045.1_3_A,JAISMH010000045.1_3,0
GB_GCA_031278635.1,JAITKA010000060.1_5_A,JAITKA010000060.1_5,0
GB_GCA_031280855.1,JAITGH010000092.1_4_A,JAITGH010000092.1_4,0
GB_GCA_031283515.1,JAITBS010000254.1_10_A,JAITBS010000254.1_10,0
GB_GCA_031288955.1,JAITQJ010000199.1_16_A,JAITQJ010000199.1_16,0
GB_GCA_031290135.1,JAITOE010000134.1_11_A,JAITOE010000134.1_11,0
GB_GCA_031292565.1,JARLGW010000005.1_219_A,JARLGW010000005.1_219,0
GB_GCA_031975295.1,DALYNO010000232.1_5_A,DALYNO010000232.1_5,0
GB_GCA_035281865.1,DATEVI010000481.1_5_A,DATEVI010000481.1_5,0
GB_GCA_035560855.1,DATMYT010000102.1_11_A,DATMYT010000102.1_11,0
GB_GCA_036244995.1,BTTF01000071.1_7_A,BTTF01000071.1_7,0
GB_GCA_036771135.1,DAIPHW010000103.1_9_A,DAIPHW010000103.1_9,0
GB_GCA_038247115.1,JBBRVG010000007.1_22_A,JBBRVG010000007.1_22,0
GB_GCA_040500365.1,CP148031.1_363_A,CP148031.1_363,0
GB_GCA_040758355.1,JBFLWF010000045.1_10_A,JBFLWF010000045.1_10,0
GB_GCA_041447245.1,JBGMEA010000012.1_151_A,JBGMEA010000012.1_151,0
GB_GCA_041907765.1,JAYRGQ010000026.1_19_A,JAYRGQ010000026.1_19,0
GB_GCA_046533095.1,JAJQRA010000025.1_6_A,JAJQRA010000025.1_6,0
GB_GCA_047600785.1,JASGKH010000002.1_2125_A,JASGKH010000002.1_2125,0
GB_GCA_047718855.1,JBDNRY010000003.1_128_A,JBDNRY010000003.1_128,0
GB_GCA_049302075.1,JBAQLS010000042.1_24_A,JBAQLS010000042.1_24,0
GB_GCA_049508975.1,JBELAI010000043.1_19_A,JBELAI010000043.1_19,0
GB_GCA_050049665.1,JASFVU010000112.1_2_A,JASFVU010000112.1_2,0
GB_GCA_050288525.1,JBNKDZ010000641.1_8_B,JBNKDZ010000641.1_8,0
GB_GCA_900108205.1,FNUU01000004.1_132_B,FNUU01000004.1_132,0
GB_GCA_900550105.1,URQW01000020.1_22_A,URQW01000020.1_22,0
GB_GCA_902786975.1,CADAES010000025.1_20_A,CADAES010000025.1_20,0
GB_GCA_903902855.1,CAIUWK010000045.1_18_A,CAIUWK010000045.1_18,0
GB_GCA_937860145.1,CALMBF010000011.1_15_A,CALMBF010000011.1_15,0
GB_GCA_945957385.1,CAMFKP010000030.1_30_A,CAMFKP010000030.1_30,0
GB_GCA_946409405.1,CAMJWL010000263.1_2_A,CAMJWL010000263.1_2,0
GB_GCA_947165895.1,CAMVCB010000002.1_41_A,CAMVCB010000002.1_41,0
GB_GCA_947585795.1,CANPXG010000011.1_3_A,CANPXG010000011.1_3,0
GB_GCA_963523055.1,CAURBV010000013.1_70_A,CAURBV010000013.1_70,0
GB_GCA_963662595.1,OY759748.1_219_A,OY759748.1_219,0
GB_GCA_963666475.2,OY762821.2_737_A,OY762821.2_737,0
GB_GCA_963675655.1,OY776489.1_1558_A,OY776489.1_1558,0
GB_GCA_963677095.1,OY781875.1_3227_A,OY781875.1_3227,0
GB_GCA_963715335.1,CAVQRZ010000005.1_166_A,CAVQRZ010000005.1_166,0
GB_GCA_963780885.1,CAWAEO010000002.1_1642_A,CAWAEO010000002.1_1642,0
GB_GCA_963811985.1,CAWEUH010000030.1_58_A,CAWEUH010000030.1_58,0
GB_GCA_964402355.1,CAYOCB010000001.1_392_A,CAYOCB010000001.1_392,0
GB_GCA_964418735.1,CAYQMY010000013.1_7_A,CAYQMY010000013.1_7,0
GB_GCA_964444065.1,CAYUFL010000001.1_68_A,CAYUFL010000001.1_68,0
GB_GCA_964477085.1,CAYZDF010000007.1_56_A,CAYZDF010000007.1_56,0
GB_GCA_964520475.1,CAZFNS010000003.1_51_A,CAZFNS010000003.1_51,0
GB_GCA_964548535.1,CAZJRQ010000009.1_58_A,CAZJRQ010000009.1_58,0
GB_GCA_964601085.1,CAZRLN010000009.1_41_A,CAZRLN010000009.1_41,0
GB_GCA_964618545.1,CAZUBG010000032.1_12_A,CAZUBG010000032.1_12,0
GB_GCA_964648885.1,CAZYMK010000142.1_5_A,CAZYMK010000142.1_5,0
RS_GCF_000013745.1,NC_007925.1_4716_A,NC_007925.1_4716,0
RS_GCF_000145275.1,NC_014393.1_2842_A,NC_014393.1_2842,0
RS_GCF_000183135.1,NC_014734.1_1365_A,NC_014734.1_1365,0
RS_GCF_000230835.1,NZ_CM001240.1_3258_A,NZ_CM001240.1_3258,0
RS_GCF_000260795.1,NZ_AJGU01000011.1_22_A,NZ_AJGU01000011.1_22,0
RS_GCF_000315365.1,NZ_CAOS01000003.1_438_A,NZ_CAOS01000003.1_438,0
RS_GCF_000373985.1,NZ_KB893046.1_33_A,NZ_KB893046.1_33,0
RS_GCF_000420465.1,NZ_ATUZ01000015.1_103_A,NZ_ATUZ01000015.1_103,0
RS_GCF_000518685.1,NZ_JAEB01000011.1_74_A,NZ_JAEB01000011.1_74,0
RS_GCF_000612505.1,NZ_CP004078.1_3121_A,NZ_CP004078.1_3121,0
RS_GCF_000686725.1,NZ_JMLK01000008.1_190_A,NZ_JMLK01000008.1_190,0
RS_GCF_000807255.1,NZ_CP009268.1_3285_A,NZ_CP009268.1_3285,0
RS_GCF_001045675.1,NZ_LEKT01000018.1_9_A,NZ_LEKT01000018.1_9,0
RS_GCF_001571775.1,NZ_LRVM01000004.1_241_A,NZ_LRVM01000004.1_241,0
RS_GCF_001766835.1,NZ_LKEU01000018.1_9_A,NZ_LKEU01000018.1_9,0
RS_GCF_002029235.1,NZ_MZGV01000018.1_8_A,NZ_MZGV01000018.1_8,0
RS_GCF_002257695.2,NZ_CP155571.1_5103_A,NZ_CP155571.1_5103,0
RS_GCF_002933875.1,NZ_BFAV01000073.1_56_A,NZ_BFAV01000073.1_56,0
RS_GCF_003149105.1,NZ_QGDS01000018.1_41_A,NZ_QGDS01000018.1_41,0
RS_GCF_003609635.1,NZ_MCIA01000016.1_8_A,NZ_MCIA01000016.1_8,0
RS_GCF_004102745.1,NZ_RLII01000015.1_44_A,NZ_RLII01000015.1_44,0
RS_GCF_004801295.1,NZ_SSOC01000003.1_581_A,NZ_SSOC01000003.1_581,0
RS_GCF_007641255.1,NZ_CP036259.1_4171_A,NZ_CP036259.1_4171,0
RS_GCF_008330225.1,NZ_CP042466.1_3425_A,NZ_CP042466.1_3425,0
RS_GCF_009720655.1,NZ_WNKS01000020.1_59_A,NZ_WNKS01000020.1_59,0
RS_GCF_012912135.1,NZ_QMEB01000001.1_16_A,NZ_QMEB01000001.1_16,0
RS_GCF_014202345.1,NZ_JACHGO010000003.1_17_A,NZ_JACHGO010000003.1_17,0
RS_GCF_015594625.1,NZ_JADNRQ010000006.1_115_A,NZ_JADNRQ010000006.1_115,0
RS_GCF_017338855.1,NZ_CP071382.1_1777_A,NZ_CP071382.1_1777,0
RS_GCF_018835585.1,NZ_JAHGVE010000013.1_75_A,NZ_JAHGVE010000013.1_75,0
RS_GCF_019144085.1,NZ_JAHHUY010000019.1_19_A,NZ_JAHHUY010000019.1_19,0
RS_GCF_020194955.2,NZ_JAFCIY020000028.1_61_A,NZ_JAFCIY020000028.1_61,0
RS_GCF_022271405.1,NZ_JAJNAL010000004.1_23_A,NZ_JAJNAL010000004.1_23,0
RS_GCF_024460775.1,NZ_JANFYZ010000001.1_482_A,NZ_JANFYZ010000001.1_482,0
RS_GCF_026650985.1,NZ_CP086239.1_2427_A,NZ_CP086239.1_2427,0
RS_GCF_030269905.1,NZ_BSVC01000003.1_38_A,NZ_BSVC01000003.1_38,0
RS_GCF_031292145.1,NZ_JARLHR010000026.1_107_A,NZ_JARLHR010000026.1_107,0
RS_GCF_033110965.1,NZ_CP137003.1_1691_A,NZ_CP137003.1_1691,0
RS_GCF_036398755.1,NZ_DASWOM010000129.1_5_A,NZ_DASWOM010000129.1_5,0
RS_GCF_036763085.1,NZ_JBAIYU010000033.1_3_A,NZ_JBAIYU010000033.1_3,0
RS_GCF_041320595.1,NZ_CP166625.1_4335_A,NZ_CP166625.1_4335,0
RS_GCF_042434745.1,NZ_JBHLSS010000032.1_25_A,NZ_JBHLSS010000032.1_25,0
RS_GCF_043633585.1,NZ_CP141832.1_720_A,NZ_CP141832.1_720,0
RS_GCF_047308185.1,NZ_JAHXPU010000027.1_67_A,NZ_JAHXPU010000027.1_67,0
RS_GCF_047652685.1,NZ_CP157399.1_191_A,NZ_CP157399.1_191,0
RS_GCF_047718555.1,NZ_JBDNRK010000036.1_2_A,NZ_JBDNRK010000036.1_2,0
RS_GCF_050058015.1,NZ_CP170111.1_394_A,NZ_CP170111.1_394,0
RS_GCF_900109655.1,NZ_FOAT01000004.1_152_A,NZ_FOAT01000004.1_152,0
RS_GCF_900115365.1,NZ_FOWD01000022.1_17_A,NZ_FOWD01000022.1_17,0
RS_GCF_900142215.1,NZ_FRAC01000010.1_260_A,NZ_FRAC01000010.1_260,0
RS_GCF_900167465.1,NZ_FUWR01000020.1_39_A,NZ_FUWR01000020.1_39,0
RS_GCF_902477725.1,NZ_CABSIF010000016.1_55_A,NZ_CABSIF010000016.1_55,0
RS_GCF_963676665.2,NZ_CAXXNL010000010.1_11_A,NZ_CAXXNL010000010.1_11,0
reference,anfO,,0
GB_GCA_002503885.1,DASQ01000002.1_26_A,DASQ01000002.1_26,0
GB_GCA_003315675.1,NIZU01000043.1_12_A,NIZU01000043.1_12,0
GB_GCA_016284295.1,JAEEOP010000045.1_16_A,JAEEOP010000045.1_16,0
GB_GCA_020356005.1,CP070629.1_976_A,CP070629.1_976,0
GB_GCA_025358115.1,JANYKQ010000029.1_27_A,JANYKQ010000029.1_27,0
GB_GCA_030539515.1,JAUNXZ010000060.1_2_A,JAUNXZ010000060.1_2,0
GB_GCA_031288985.1,JAITQH010000039.1_5_A,JAITQH010000039.1_5,0
GB_GCA_036504055.1,DASXVU010000030.1_42_A,DASXVU010000030.1_42,0
GB_GCA_041652515.1,JBAZHD010000041.1_13_A,JBAZHD010000041.1_13,0
GB_GCA_050309445.1,JBNRMI010000023.1_85_A,JBNRMI010000023.1_85,0
GB_GCA_947259185.1,CAMYKT010000001.1_111_A,CAMYKT010000001.1_111,0
GB_GCA_963635855.1,CAVHHN010000045.1_3_A,CAVHHN010000045.1_3,0
GB_GCA_963667735.1,OY763919.1_204_A,OY763919.1_204,0
GB_GCA_963677065.1,OY781872.1_258_A,OY781872.1_258,0
GB_GCA_963758935.1,CAVWXD010000008.1_295_A,CAVWXD010000008.1_295,0
GB_GCA_963815625.1,CAWFHG010000003.1_471_A,CAWFHG010000003.1_471,0
GB_GCA_964445265.1,CAYUPU010000086.1_2_A,CAYUPU010000086.1_2,0
GB_GCA_964550065.1,CAZJWD010000001.1_487_A,CAZJWD010000001.1_487,0
RS_GCF_000007345.1,NC_003552.1_1238_A,NC_003552.1_1238,0
RS_GCF_000063445.1,NC_009464.1_1395_A,NC_009464.1_1395,0
RS_GCF_000784355.1,NZ_KN360939.1_43_A,NZ_KN360939.1_43,0
RS_GCF_004102725.1,NZ_LHQS01000002.1_301_A,NZ_LHQS01000002.1_301,0
RS_GCF_021023085.1,NZ_PGCK01000003.1_103_A,NZ_PGCK01000003.1_103,0
RS_GCF_028679455.1,NZ_JAJRBM010000074.1_11_A,NZ_JAJRBM010000074.1_11,0
RS_GCF_035560735.1,NZ_DATMYY010000063.1_9_A,NZ_DATMYY010000063.1_9,0
RS_GCF_049676595.1,NZ_CP187259.1_772_A,NZ_CP187259.1_772,0
GB_GCA_000242935.3,CP007053.1_265_A,CP007053.1_265,0
GB_GCA_001603035.1,LVAS01000062.1_16_A,LVAS01000062.1_16,0
GB_GCA_002067205.1,MVQL01000253.1_3_A,MVQL01000253.1_3,0
GB_GCA_002306975.1,DBTI01000114.1_25_A,DBTI01000114.1_25,0
GB_GCA_002307215.1,DBTU01000011.1_32_A,DBTU01000011.1_32,0
GB_GCA_002397275.1,DHAA01000074.1_18_A,DHAA01000074.1_18,0
GB_GCA_002419465.1,DIGE01000018.1_168_A,DIGE01000018.1_168,0
GB_GCA_002840165.1,PGZN01000004.1_48_A,PGZN01000004.1_48,0
GB_GCA_003250275.1,QKGW01000496.1_6_A,QKGW01000496.1_6,0
GB_GCA_004143605.1,AWVY01000037.1_113_A,AWVY01000037.1_113,0
GB_GCA_009668975.1,SBEG01000017.1_32_A,SBEG01000017.1_32,0
GB_GCA_011051565.1,DRKX01000122.1_5_A,DRKX01000122.1_5,0
GB_GCA_013152485.1,JAADGG010000047.1_5_A,JAADGG010000047.1_5,0
GB_GCA_013377095.1,JACAAY010000010.1_5_A,JACAAY010000010.1_5,0
GB_GCA_015233895.1,JADFXG010000040.1_7_A,JADFXG010000040.1_7,0
GB_GCA_015654745.1,JAATGH010000045.1_2_A,JAATGH010000045.1_2,0
GB_GCA_016213825.1,JACQZP010000031.1_134_A,JACQZP010000031.1_134,0
GB_GCA_016286055.1,JAEERW010000006.1_222_A,JAEERW010000006.1_222,0
GB_GCA_016841245.1,JAENZN010000005.1_123_A,JAENZN010000005.1_123,0
GB_GCA_017428545.1,JAFRQR010000020.1_190_A,JAFRQR010000020.1_190,0
GB_GCA_017545245.1,JAFWPB010000036.1_11_A,JAFWPB010000036.1_11,0
GB_GCA_017861285.1,JAGFXO010000093.1_5_A,JAGFXO010000093.1_5,0
GB_GCA_017889725.1,JAGGAE010000027.1_4_A,JAGGAE010000027.1_4,0
GB_GCA_018372435.1,JAHAJA010000003.1_114_A,JAHAJA010000003.1_114,0
GB_GCA_020062545.1,JAGUWD010000007.1_210_A,JAGUWD010000007.1_210,0
GB_GCA_021781655.1,JAJXWJ010000032.1_16_A,JAJXWJ010000032.1_16,0
GB_GCA_021789595.1,JAJYJJ010000024.1_21_A,JAJYJJ010000024.1_21,0
GB_GCA_022508725.1,JAFLUR010000007.1_9_A,JAFLUR010000007.1_9,0
GB_GCA_023388635.1,JAEWFW010000051.1_11_A,JAEWFW010000051.1_11,0
GB_GCA_023392535.1,JAEVYY010000014.1_162_A,JAEVYY010000014.1_162,0
GB_GCA_023397905.1,JAEWSZ010000134.1_69_A,JAEWSZ010000134.1_69,0
GB_GCA_023399375.1,JAEWPX010000116.1_9_A,JAEWPX010000116.1_9,0
GB_GCA_023408075.1,JAEYKW010000033.1_41_A,JAEYKW010000033.1_41,0
GB_GCA_023409535.1,JAEYGZ010000027.1_345_A,JAEYGZ010000027.1_345,0
GB_GCA_023412455.1,JAEYNQ010000184.1_15_A,JAEYNQ010000184.1_15,0
GB_GCA_023416695.1,JAEZGY010000030.1_49_A,JAEZGY010000030.1_49,0
GB_GCA_023423335.1,JAFAFU010000074.1_56_A,JAFAFU010000074.1_56,0
GB_GCA_023429995.1,JAEZCE010000028.1_9_A,JAEZCE010000028.1_9,0
GB_GCA_023436395.1,JAEZJJ010000034.1_22_A,JAEZJJ010000034.1_22,0
GB_GCA_023443515.1,JAEZUC010000029.1_67_A,JAEZUC010000029.1_67,0
GB_GCA_024275975.1,JAJRYC010000090.1_62_A,JAJRYC010000090.1_62,0
GB_GCA_027324025.1,DAHVYW010000054.1_17_A,DAHVYW010000054.1_17,0
GB_GCA_029239675.1,JARBUM010000009.1_33_A,JARBUM010000009.1_33,0
GB_GCA_029266335.1,JAQSXC010000120.1_3_A,JAQSXC010000120.1_3,0
GB_GCA_030586155.1,CP130741.1_560_A,CP130741.1_560,0
GB_GCA_031261245.1,JAISKU010000109.1_17_A,JAISKU010000109.1_17,0
GB_GCA_031267115.1,JAIRZS010000070.1_5_B,JAIRZS010000070.1_5,0
GB_GCA_031270725.1,JAISWS010000003.1_6_A,JAISWS010000003.1_6,0
GB_GCA_031273265.1,JAISSH010000039.1_28_A,JAISSH010000039.1_28,0
GB_GCA_031275395.1,JAISOU010000021.1_14_A,JAISOU010000021.1_14,0
GB_GCA_031276865.1,JAISMF010000062.1_21_A,JAISMF010000062.1_21,0
GB_GCA_031279125.1,JAITJC010000038.1_14_A,JAITJC010000038.1_14,0
GB_GCA_031280915.1,JAITGC010000005.1_12_A,JAITGC010000005.1_12,0
GB_GCA_031283915.1,JAITAY010000333.1_1_A,JAITAY010000333.1_1,0
GB_GCA_031289165.1,JAITPZ010000292.1_3_A,JAITPZ010000292.1_3,0
GB_GCA_031290235.1,JAITNX010000196.1_14_A,JAITNX010000196.1_14,0
GB_GCA_031401815.1,JANNRW010000103.1_1_A,JANNRW010000103.1_1,0
GB_GCA_032079965.1,DAMATJ010000013.1_43_A,DAMATJ010000013.1_43,0
GB_GCA_035298825.1,DATGXR010000094.1_4_A,DATGXR010000094.1_4,0
GB_GCA_035560935.1,DATMYQ010000185.1_9_A,DATMYQ010000185.1_9,0
GB_GCA_036260765.1,DATAMA010000030.1_1_A,DATAMA010000030.1_1,0
GB_GCA_036771135.1,DAIPHW010000264.1_1_A,DAIPHW010000264.1_1,0
GB_GCA_039594245.1,JBCNNT010000012.1_1383_A,JBCNNT010000012.1_1383,0
GB_GCA_040500365.1,CP148031.1_364_A,CP148031.1_364,0
GB_GCA_040767305.1,JAXGOV010000003.1_95_A,JAXGOV010000003.1_95,0
GB_GCA_041583675.1,JBFHFI010000020.1_9_A,JBFHFI010000020.1_9,0
GB_GCA_041911695.1,JAYROM010000209.1_6_A,JAYROM010000209.1_6,0
GB_GCA_046533095.1,JAJQRA010000038.1_227_A,JAJQRA010000038.1_227,0
GB_GCA_047602645.1,JASGGU010000075.1_14_A,JASGGU010000075.1_14,0
GB_GCA_047722935.1,JBDNZS010000006.1_16_A,JBDNZS010000006.1_16,0
GB_GCA_049323755.1,JBMOPE010000007.1_22_A,JBMOPE010000007.1_22,0
GB_GCA_049513815.1,JBEKVR010000163.1_9_A,JBEKVR010000163.1_9,0
GB_GCA_050251415.1,JBFWMT010000052.1_15_A,JBFWMT010000052.1_15,0
GB_GCA_051305875.1,JBPPMD010000011.1_5_A,JBPPMD010000011.1_5,0
GB_GCA_900315285.1,OMYO01000017.1_31_A,OMYO01000017.1_31,0
GB_GCA_902766335.1,CACXDI010000148.1_24_A,CACXDI010000148.1_24,0
GB_GCA_902787365.1,CADAGC010000127.1_4_A,CADAGC010000127.1_4,0
GB_GCA_903929485.1,CAIYUY010000173.1_37_A,CAIYUY010000173.1_37,0
GB_GCA_937868725.1,CALMMQ010000017.1_4_A,CALMMQ010000017.1_4,0
GB_GCA_946405045.1,CAMJFV010000375.1_4_A,CAMJFV010000375.1_4,0
GB_GCA_946409475.1,CAMJWQ010000008.1_13_A,CAMJWQ010000008.1_13,0
GB_GCA_947167535.1,CAMVIL010000005.1_14_A,CAMVIL010000005.1_14,0
GB_GCA_947624485.1,CANQKM010000003.1_56_A,CANQKM010000003.1_56,0
GB_GCA_963523075.1,CAURBW010000014.1_81_A,CAURBW010000014.1_81,0
GB_GCA_963663285.2,CAXXNI010000004.1_871_A,CAXXNI010000004.1_871,0
GB_GCA_963666745.1,OY762961.1_1339_A,OY762961.1_1339,0
GB_GCA_963675915.1,OY780959.1_154_A,OY780959.1_154,0
GB_GCA_963677305.1,OY781925.1_971_A,OY781925.1_971,0
GB_GCA_963717775.1,CAVQWZ010000025.1_130_A,CAVQWZ010000025.1_130,0
GB_GCA_963784135.1,CAWAQG010000008.1_349_A,CAWAQG010000008.1_349,0
GB_GCA_963849485.1,CAWKIF010000127.1_9_A,CAWKIF010000127.1_9,0
GB_GCA_964402355.1,CAYOCB010000003.1_377_A,CAYOCB010000003.1_377,0
GB_GCA_964424695.1,CAYRKE010000127.1_6_B,CAYRKE010000127.1_6,0
GB_GCA_964446265.1,CAYUNV010000073.1_11_A,CAYUNV010000073.1_11,0
GB_GCA_964484555.1,CAZAHK010000233.1_3_A,CAZAHK010000233.1_3,0
GB_GCA_964528755.1,CAZGWN010000082.1_6_A,CAZGWN010000082.1_6,0
GB_GCA_964549435.1,CAZJVB010000033.1_19_A,CAZJVB010000033.1_19,0
GB_GCA_964601865.1,CAZRPI010000143.1_3_A,CAZRPI010000143.1_3,0
GB_GCA_964622705.1,CAZUSH010000093.1_3_A,CAZUSH010000093.1_3,0
GB_GCA_964651515.1,CAZYYB010000009.1_4_A,CAZYYB010000009.1_4,0
RS_GCF_000015045.1,NC_008609.1_3450_A,NC_008609.1_3450,0
RS_GCF_000166055.1,NC_014664.1_3345_A,NC_014664.1_3345,0
RS_GCF_000183135.1,NC_014734.1_1366_A,NC_014734.1_1366,0
RS_GCF_000233715.2,NC_021184.1_2320_A,NC_021184.1_2320,0
RS_GCF_000271485.2,NZ_AKVN02000001.1_4462_A,NZ_AKVN02000001.1_4462,0
RS_GCF_000317435.1,NC_019751.1_203_A,NC_019751.1_203,0
RS_GCF_000374545.1,NZ_KB894582.1_27_A,NZ_KB894582.1_27,0
RS_GCF_000421965.1,NZ_ATAY01000019.1_12_A,NZ_ATAY01000019.1_12,0
RS_GCF_000520715.1,NZ_ASSD01000595.1_4_A,NZ_ASSD01000595.1_4,0
RS_GCF_000621505.1,NZ_JHYD01000009.1_83_A,NZ_JHYD01000009.1_83,0
RS_GCF_000687555.1,NZ_JHWJ01000012.1_115_A,NZ_JHWJ01000012.1_115,0
RS_GCF_000807255.1,NZ_CP009268.1_264_A,NZ_CP009268.1_264,0
RS_GCF_001263355.1,NZ_LGYO01000022.1_261_A,NZ_LGYO01000022.1_261,0
RS_GCF_001611555.1,NZ_LSGP01000001.1_121_A,NZ_LSGP01000001.1_121,0
RS_GCF_001877035.1,NZ_CP015756.1_1242_A,NZ_CP015756.1_1242,0
RS_GCF_002029255.1,NZ_MZGT01000078.1_4_A,NZ_MZGT01000078.1_4,0
RS_GCF_002257705.2,NZ_CP155573.1_4983_A,NZ_CP155573.1_4983,0
RS_GCF_002933875.1,NZ_BFAV01000157.1_123_A,NZ_BFAV01000157.1_123,0
RS_GCF_003182475.1,NZ_QGTS01000007.1_177_A,NZ_QGTS01000007.1_177,0
RS_GCF_003833015.1,NZ_RJLQ01000001.1_16_A,NZ_RJLQ01000001.1_16,0
RS_GCF_004309735.1,NZ_SIXC01000007.1_111_A,NZ_SIXC01000007.1_111,0
RS_GCF_005144475.1,NZ_SWJZ01000010.1_24_A,NZ_SWJZ01000010.1_24,0
RS_GCF_007830255.1,NZ_VLKG01000004.1_29_A,NZ_VLKG01000004.1_29,0
RS_GCF_008630065.1,NZ_VWPL01000005.1_55_A,NZ_VWPL01000005.1_55,0
RS_GCF_009928485.1,NZ_JAABNP010000002.1_178_A,NZ_JAABNP010000002.1_178,0
RS_GCF_013036995.1,NZ_JAAOXG010000093.1_3_A,NZ_JAAOXG010000093.1_3,0
RS_GCF_014203125.1,NZ_JACHIH010000003.1_51_A,NZ_JACHIH010000003.1_51,0
RS_GCF_015762685.1,NZ_PEHF01000066.1_124_A,NZ_PEHF01000066.1_124,0
RS_GCF_017569925.1,NZ_CP050854.1_833_A,NZ_CP050854.1_833,0
RS_GCF_018861295.1,NZ_JAHLDM010000008.1_61_A,NZ_JAHLDM010000008.1_61,0
RS_GCF_019207025.1,NZ_JAEEGC010000053.1_7_A,NZ_JAEEGC010000053.1_7,0
RS_GCF_020443705.1,NZ_JAIZZK010000006.1_121_A,NZ_JAIZZK010000006.1_121,0
RS_GCF_022410535.1,NZ_JAKNBL010000052.1_10_A,NZ_JAKNBL010000052.1_10,0
RS_GCF_024692365.1,NZ_JAILMR010000036.1_45_A,NZ_JAILMR010000036.1_45,0
RS_GCF_026723765.1,NZ_CP113524.1_3255_A,NZ_CP113524.1_3255,0
RS_GCF_030542965.1,NZ_JAUAOA010000004.1_135_A,NZ_JAUAOA010000004.1_135,0
RS_GCF_031954385.1,NZ_JAUSUY010000008.1_76_A,NZ_JAUSUY010000008.1_76,0
RS_GCF_033342255.1,NZ_JAWONS010000290.1_64_A,NZ_JAWONS010000290.1_64,0
RS_GCF_036404135.1,NZ_DASWPE010000143.1_2_A,NZ_DASWPE010000143.1_2,0
RS_GCF_036781005.1,NZ_DAIQBT010000001.1_18_A,NZ_DAIQBT010000001.1_18,0
RS_GCF_041428575.1,NZ_CP155570.1_3337_A,NZ_CP155570.1_3337,0
RS_GCF_042610375.1,NZ_JBGJZL010000016.1_12_A,NZ_JBGJZL010000016.1_12,0
RS_GCF_045310515.1,NZ_JBJHZX010000007.1_50_A,NZ_JBJHZX010000007.1_50,0
RS_GCF_047324175.1,NZ_CP178732.1_5008_A,NZ_CP178732.1_5008,0
RS_GCF_047692315.1,NZ_JBLLJS010000011.1_95_A,NZ_JBLLJS010000011.1_95,0
RS_GCF_047718555.1,NZ_JBDNRK010000044.1_3_A,NZ_JBDNRK010000044.1_3,0
RS_GCF_052363175.1,NZ_CP198946.1_697_A,NZ_CP198946.1_697,0
RS_GCF_900110485.1,NZ_FODY01000019.1_13_A,NZ_FODY01000019.1_13,0
RS_GCF_900115975.1,NZ_FOYM01000036.1_3_A,NZ_FOYM01000036.1_3,0
RS_GCF_900142375.1,NZ_FRAR01000012.1_101_A,NZ_FRAR01000012.1_101,0
RS_GCF_900176305.1,NZ_FWXH01000008.1_60_A,NZ_FWXH01000008.1_60,0
RS_GCF_902702915.1,NZ_LR738849.1_1804_A,NZ_LR738849.1_1804,0
RS_GCF_963676665.2,NZ_CAXXNL010000010.1_12_A,NZ_CAXXNL010000010.1_12,0
GB_GCA_002506425.1,DAXO01000070.1_2_A,DAXO01000070.1_2,0
GB_GCA_006954465.1,LVVU01000031.1_11_A,LVVU01000031.1_11,0
GB_GCA_016296195.1,JAEDJU010000072.1_2_A,JAEDJU010000072.1_2,0
GB_GCA_023228295.1,JALOBP010000043.1_20_A,JALOBP010000043.1_20,0
GB_GCA_028679075.1,JAJRCF010000030.1_5_A,JAJRCF010000030.1_5,0
GB_GCA_030653335.1,JAURZP010000061.1_9_A,JAURZP010000061.1_9,0
GB_GCA_031290095.1,JAITOF010000023.1_22_A,JAITOF010000023.1_22,0
GB_GCA_039679395.1,JBDKUZ010000070.1_5_A,JBDKUZ010000070.1_5,0
GB_GCA_041652515.1,JBAZHD010000057.1_20_A,JBAZHD010000057.1_20,0
GB_GCA_050944155.1,JBMNQN010000002.1_58_A,JBMNQN010000002.1_58,0
GB_GCA_949295765.1,CASFMM010000043.1_4_A,CASFMM010000043.1_4,0
GB_GCA_963637895.1,CAVHQB010000033.1_2_A,CAVHQB010000033.1_2,0
GB_GCA_963667985.1,OY764081.1_955_A,OY764081.1_955,0
GB_GCA_963701095.1,OY969564.1_326_A,OY969564.1_326,0
GB_GCA_963761105.1,CAVXFW010000023.1_547_A,CAVXFW010000023.1_547,0
GB_GCA_963818955.1,CAWFUY010000034.1_63_A,CAWFUY010000034.1_63,0
GB_GCA_964454995.1,CAYVTY010000002.1_76_A,CAYVTY010000002.1_76,0
GB_GCA_964592875.1,CAZQGG010000006.1_163_A,CAZQGG010000006.1_163,0
RS_GCF_000007345.1,NC_003552.1_1242_A,NC_003552.1_1242,0
RS_GCF_000147875.1,NC_014507.1_255_A,NC_014507.1_255,0
RS_GCF_000800805.1,NZ_CP010070.1_133_A,NZ_CP010070.1_133,0
RS_GCF_016294135.1,NZ_JAEDCO010000002.1_92_A,NZ_JAEDCO010000002.1_92,0
RS_GCF_022768985.1,NZ_JALEKL010000009.1_266_A,NZ_JALEKL010000009.1_266,0
RS_GCF_029633965.1,NZ_CP091277.1_1741_A,NZ_CP091277.1_1741,0
RS_GCF_041645475.1,NZ_JBAZQA010000001.1_361_A,NZ_JBAZQA010000001.1_361,0
RS_GCF_049686655.1,NZ_JBAVIG010000045.1_12_A,NZ_JBAVIG010000045.1_12,0
GB_GCA_000802095.1,JUEB01000015.1_30_A,JUEB01000015.1_30,0
GB_GCA_001603145.1,LVBI01000002.1_19_A,LVBI01000002.1_19,0
GB_GCA_002067965.1,MVRN01000118.1_19_A,MVRN01000118.1_19,0
GB_GCA_002306975.1,DBTI01000267.1_41_A,DBTI01000267.1_41,0
GB_GCA_002339745.1,DDKP01000095.1_11_A,DDKP01000095.1_11,0
GB_GCA_002398825.1,DHBS01000007.1_75_A,DHBS01000007.1_75,0
GB_GCA_002422265.1,DIUB01000170.1_4_A,DIUB01000170.1_4,0
GB_GCA_002840275.1,PHAB01000006.1_19_A,PHAB01000006.1_19,0
GB_GCA_003252385.1,QKEH01000151.1_14_A,QKEH01000151.1_14,0
GB_GCA_004321915.1,SCQE01000003.1_15_A,SCQE01000003.1_15,0
GB_GCA_009711615.1,VENI01000005.1_299_A,VENI01000005.1_299,0
GB_GCA_012517475.1,JAAYUV010000017.1_17_A,JAAYUV010000017.1_17,0
GB_GCA_013178275.1,JABLWZ010000015.1_52_A,JABLWZ010000015.1_52,0
GB_GCA_013619105.1,JABXKU010000001.1_27_A,JABXKU010000001.1_27,0
GB_GCA_015548865.1,JADMXW010000009.1_71_A,JADMXW010000009.1_71,0
GB_GCA_015654835.1,JAATGG010000122.1_19_A,JAATGG010000122.1_19,0
GB_GCA_016215155.1,JACRLQ010000084.1_27_A,JACRLQ010000084.1_27,0
GB_GCA_016287245.1,JAEEWG010000012.1_25_A,JAEEWG010000012.1_25,0
GB_GCA_016841605.1,JAENYV010000001.1_357_A,JAENYV010000001.1_357,0
GB_GCA_017442845.1,JAFRYW010000184.1_9_A,JAFRYW010000184.1_9,0
GB_GCA_017551865.1,JAFZKB010000029.1_62_A,JAFZKB010000029.1_62,0
GB_GCA_017889545.1,JAGFZV010000013.1_52_A,JAGFZV010000013.1_52,0
GB_GCA_017958365.1,JAGDCV010000081.1_23_A,JAGDCV010000081.1_23,0
GB_GCA_018434355.1,JAHDPL010000023.1_19_A,JAHDPL010000023.1_19,0
GB_GCA_020062745.1,JAGUVT010000060.1_2_A,JAGUVT010000060.1_2,0
GB_GCA_021781655.1,JAJXWJ010000037.1_6_A,JAJXWJ010000037.1_6,0
GB_GCA_021791055.1,JAJYXI010000038.1_39_A,JAJYXI010000038.1_39,0
GB_GCA_022735835.1,DYZU01000096.1_20_A,DYZU01000096.1_20,0
GB_GCA_023390335.1,JAEWCZ010000013.1_136_A,JAEWCZ010000013.1_136,0
GB_GCA_023392595.1,JAEVYU010000053.1_97_A,JAEVYU010000053.1_97,0
GB_GCA_023397905.1,JAEWSZ010000134.1_70_A,JAEWSZ010000134.1_70,0
GB_GCA_023401925.1,JAEXDA010000039.1_100_A,JAEXDA010000039.1_100,0
GB_GCA_023408315.1,JAEYKI010000006.1_99_A,JAEYKI010000006.1_99,0
GB_GCA_023410275.1,JAEYPZ010000059.1_25_A,JAEYPZ010000059.1_25,0
GB_GCA_023412635.1,JAEYNI010000204.1_5_A,JAEYNI010000204.1_5,0
GB_GCA_023417285.1,JAEZFR010000447.1_1_C,JAEZFR010000447.1_1,0
GB_GCA_023424995.1,JAFADH010000181.1_9_A,JAFADH010000181.1_9,0
GB_GCA_023431385.1,JAEYWA010000154.1_1_A,JAEYWA010000154.1_1,0
GB_GCA_023436485.1,JAEZIU010000326.1_6_A,JAEZIU010000326.1_6,0
GB_GCA_023450835.1,JAEXGM010000033.1_16_A,JAEXGM010000033.1_16,0
GB_GCA_024689365.1,JAILDQ010000004.1_2_A,JAILDQ010000004.1_2,0
GB_GCA_027492445.1,JAPUES010000132.1_3_A,JAPUES010000132.1_3,0
GB_GCA_029239975.1,JARBTX010000039.1_13_A,JARBTX010000039.1_13,0
GB_GCA_029974635.1,JARKQY010000044.1_83_A,JARKQY010000044.1_83,0
GB_GCA_030705885.1,JAUZPN010000018.1_9_A,JAUZPN010000018.1_9,0
GB_GCA_031261325.1,JAISKH010000065.1_25_A,JAISKH010000065.1_25,0
GB_GCA_031267965.1,JAIRYC010000003.1_24_A,JAIRYC010000003.1_24,0
GB_GCA_031271165.1,JAISWF010000076.1_3_A,JAISWF010000076.1_3,0
GB_GCA_031273455.1,JAISRZ010000065.1_20_A,JAISRZ010000065.1_20,0
GB_GCA_031275405.1,JAISOV010000006.1_99_A,JAISOV010000006.1_99,0
GB_GCA_031276985.1,JAISMA010000080.1_5_A,JAISMA010000080.1_5,0
GB_GCA_031279155.1,JAITJB010000095.1_3_A,JAITJB010000095.1_3,0
GB_GCA_031281265.1,JAITFO010000096.1_9_A,JAITFO010000096.1_9,0
GB_GCA_031284485.1,JAISZT010000070.1_5_A,JAISZT010000070.1_5,0
GB_GCA_031289675.1,JAITOZ010000183.1_8_A,JAITOZ010000183.1_8,0
GB_GCA_031290435.1,JAITNQ010000273.1_8_A,JAITNQ010000273.1_8,0
GB_GCA_031401815.1,JANNRW010000263.1_5_A,JANNRW010000263.1_5,0
GB_GCA_032469775.1,JAWDJY010000023.1_17_A,JAWDJY010000023.1_17,0
GB_GCA_035399245.1,DAOPIR010000126.1_6_A,DAOPIR010000126.1_6,0
GB_GCA_035561035.1,DATMYI010000113.1_8_A,DATMYI010000113.1_8,0
GB_GCA_036261135.1,DATALJ010000044.1_32_A,DATALJ010000044.1_32,0
GB_GCA_036824225.1,DAITAP010000119.1_4_A,DAITAP010000119.1_4,0
GB_GCA_039594335.1,JBCNNS010000023.1_27_A,JBCNNS010000023.1_27,0
GB_GCA_040753155.1,JBFMEU010000042.1_3_A,JBFMEU010000042.1_3,0
GB_GCA_040773465.1,JAXGWF010000009.1_54_A,JAXGWF010000009.1_54,0
GB_GCA_041639455.1,JBEQCC010000035.1_6_A,JBEQCC010000035.1_6,0
GB_GCA_042691655.1,CP170506.1_2654_A,CP170506.1_2654,0
GB_GCA_046704045.1,JBJKSM010000174.1_8_A,JBJKSM010000174.1_8,0
GB_GCA_047602655.1,JASGGT010000077.1_10_A,JASGGT010000077.1_10,0
GB_GCA_047777345.1,JBKEEJ010000009.1_24_A,JBKEEJ010000009.1_24,0
GB_GCA_049323915.1,JBMOPC010000114.1_38_A,JBMOPC010000114.1_38,0
GB_GCA_049840475.1,JASGKX010000001.1_1994_A,JASGKX010000001.1_1994,0
GB_GCA_050251875.1,JBFWMA010000009.1_30_A,JBFWMA010000009.1_30,0
GB_GCA_051874315.1,JBJEFT010000086.1_2_A,JBJEFT010000086.1_2,0
GB_GCA_900316715.1,ONEC01000059.1_7_A,ONEC01000059.1_7,0
GB_GCA_902776945.1,CACYSH010000001.1_51_A,CACYSH010000001.1_51,0
GB_GCA_902797535.1,CADBTD010000242.1_8_A,CADBTD010000242.1_8,0
GB_GCA_905235345.1,CAJOLO010000024.1_6_A,CAJOLO010000024.1_6,0
GB_GCA_937876625.1,CALEGN010000204.1_11_A,CALEGN010000204.1_11,0
GB_GCA_946405625.1,CAMJHQ010000006.1_24_A,CAMJHQ010000006.1_24,0
GB_GCA_946415545.1,CAMKSY010000014.1_12_A,CAMKSY010000014.1_12,0
GB_GCA_947167565.1,CAMVIN010000005.1_32_A,CAMVIN010000005.1_32,0
GB_GCA_947628795.1,CANRBF010000008.1_102_A,CANRBF010000008.1_102,0
GB_GCA_963526485.1,CAURNS010000004.1_16_A,CAURNS010000004.1_16,0
GB_GCA_963664135.1,OY760905.1_2641_A,OY760905.1_2641,0
GB_GCA_963667185.2,OY762953.2_273_A,OY762953.2_273,0
GB_GCA_963675925.2,CAXXIB010000002.1_55_A,CAXXIB010000002.1_55,0
GB_GCA_963677375.2,CAXXIF010000019.1_180_A,CAXXIF010000019.1_180,0
GB_GCA_963725425.1,CAVRYJ010000009.1_146_A,CAVRYJ010000009.1_146,0
GB_GCA_963787125.1,CAWBBV010000023.1_80_A,CAWBBV010000023.1_80,0
GB_GCA_964292275.1,CAXYUZ010000018.1_12_A,CAXYUZ010000018.1_12,0
GB_GCA_964405715.1,CAYOOW010000019.1_9_A,CAYOOW010000019.1_9,0
GB_GCA_964426655.1,CAYRQT010000012.1_11_A,CAYRQT010000012.1_11,0
GB_GCA_964454195.1,CAYVRD010000023.1_6_A,CAYVRD010000023.1_6,0
GB_GCA_964490805.1,CAZBEB010000001.1_183_A,CAZBEB010000001.1_183,0
GB_GCA_964538245.1,CAZIFO010000019.1_28_A,CAZIFO010000019.1_28,0
GB_GCA_964551055.1,CAZKCR010000094.1_5_A,CAZKCR010000094.1_5,0
GB_GCA_964609115.1,CAZSRN010000003.1_2_A,CAZSRN010000003.1_2,0
GB_GCA_964632255.1,CAZWCA010000009.1_70_A,CAZWCA010000009.1_70,0
GB_GCA_965140355.1,OZ223193.1_421_A,OZ223193.1_421,0
RS_GCF_000016165.1,NC_009253.1_2994_A,NC_009253.1_2994,0
RS_GCF_000171235.2,NZ_ABEA03000203.1_47_A,NZ_ABEA03000203.1_47,0
RS_GCF_000189755.2,NZ_KI912183.1_840_A,NZ_KI912183.1_840,0
RS_GCF_000244875.1,NC_016791.1_1755_A,NC_016791.1_1755,0
RS_GCF_000280495.2,NZ_CP018016.1_2218_A,NZ_CP018016.1_2218,0
RS_GCF_000340885.1,NC_020291.1_2995_A,NC_020291.1_2995,0
RS_GCF_000376385.1,NZ_AQWN01000004.1_187_A,NZ_AQWN01000004.1_187,0
RS_GCF_000426485.1,NZ_AUFL01000008.1_97_A,NZ_AUFL01000008.1_97,0
RS_GCF_000521465.1,NZ_BAVR01000001.1_85_A,NZ_BAVR01000001.1_85,0
RS_GCF_000621505.1,NZ_JHYD01000046.1_30_A,NZ_JHYD01000046.1_30,0
RS_GCF_000702205.1,NZ_JNKW01000004.1_162_A,NZ_JNKW01000004.1_162,0
RS_GCF_000807255.1,NZ_CP009268.1_1367_A,NZ_CP009268.1_1367,0
RS_GCF_001263415.1,NZ_LGTE01000008.1_66_A,NZ_LGTE01000008.1_66,0
RS_GCF_001623875.1,NZ_LWAE01000003.1_277_A,NZ_LWAE01000003.1_277,0
RS_GCF_001887775.1,NZ_CP015519.1_178_A,NZ_CP015519.1_178,0
RS_GCF_002051585.1,NZ_MZGX01000028.1_75_A,NZ_MZGX01000028.1_75,0
RS_GCF_002291445.1,NZ_CP014137.1_64_A,NZ_CP014137.1_64,0
RS_GCF_002934545.1,NZ_PTJA01000002.1_79_A,NZ_PTJA01000002.1_79,0
RS_GCF_003217355.1,NZ_QJTK01000011.1_25_A,NZ_QJTK01000011.1_25,0
RS_GCF_003854965.1,NZ_RQPI01000001.1_160_A,NZ_RQPI01000001.1_160,0
RS_GCF_004339805.1,NZ_SLUI01000005.1_193_A,NZ_SLUI01000005.1_193,0
RS_GCF_005217455.1,NZ_SZPQ01000006.1_126_A,NZ_SZPQ01000006.1_126,0
RS_GCF_007830295.1,NZ_VLKC01000002.1_1163_A,NZ_VLKC01000002.1_1163,0
RS_GCF_008802355.1,NZ_VZRA01000001.1_843_A,NZ_VZRA01000001.1_843,0
RS_GCF_009928485.1,NZ_JAABNP010000002.1_184_A,NZ_JAABNP010000002.1_184,0
RS_GCF_013393385.1,NZ_AP023239.1_3233_A,NZ_AP023239.1_3233,0
RS_GCF_014218355.1,NZ_AP023368.1_654_A,NZ_AP023368.1_654,0
RS_GCF_016583785.1,NZ_NRRU01000136.1_9_A,NZ_NRRU01000136.1_9,0
RS_GCF_017874415.1,NZ_JAGGLM010000008.1_63_A,NZ_JAGGLM010000008.1_63,0
RS_GCF_018861295.1,NZ_JAHLDM010000008.1_75_A,NZ_JAHLDM010000008.1_75,0
RS_GCF_019704135.1,NZ_AP024355.1_3577_A,NZ_AP024355.1_3577,0
RS_GCF_020443705.1,NZ_JAIZZK010000011.1_56_A,NZ_JAIZZK010000011.1_56,0
RS_GCF_022482905.1,NZ_JAKVOI010000001.1_1081_A,NZ_JAKVOI010000001.1_1081,0
RS_GCF_024972775.1,NZ_CP092282.1_605_A,NZ_CP092282.1_605,0
RS_GCF_027943965.1,NZ_AP027151.1_536_A,NZ_AP027151.1_536,0
RS_GCF_030652775.1,NZ_JAUSPS010000042.1_10_A,NZ_JAUSPS010000042.1_10,0
RS_GCF_031982545.1,NZ_DALYXB010000002.1_252_A,NZ_DALYXB010000002.1_252,0
RS_GCF_034006445.1,NZ_JAVESS010000012.1_59_A,NZ_JAVESS010000012.1_59,0
RS_GCF_036508315.1,NZ_DATCHP010000002.1_11_A,NZ_DATCHP010000002.1_11,0
RS_GCF_038725785.1,NZ_CP109796.1_4541_A,NZ_CP109796.1_4541,0
RS_GCF_041428715.1,NZ_CP155572.1_609_A,NZ_CP155572.1_609,0
RS_GCF_042647235.1,NZ_JBHRVE010000003.1_3254_A,NZ_JBHRVE010000003.1_3254,0
RS_GCF_045310695.1,NZ_JBJIAA010000006.1_98_A,NZ_JBJIAA010000006.1_98,0
RS_GCF_047324305.1,NZ_CP178740.1_1533_A,NZ_CP178740.1_1533,0
RS_GCF_047718555.1,NZ_JBDNRK010000013.1_29_A,NZ_JBDNRK010000013.1_29,0
RS_GCF_047719395.1,NZ_JBDNTB010000001.1_1_A,NZ_JBDNTB010000001.1_1,0
RS_GCF_052363185.1,NZ_CP198955.1_2198_A,NZ_CP198955.1_2198,0
RS_GCF_900111235.1,NZ_FOJI01000013.1_47_A,NZ_FOJI01000013.1_47,0
RS_GCF_900116535.1,NZ_FPAU01000007.1_150_A,NZ_FPAU01000007.1_150,0
RS_GCF_900142955.1,NZ_FRCP01000009.1_191_A,NZ_FRCP01000009.1_191,0
RS_GCF_900184995.1,NZ_LT860098.1_204_A,NZ_LT860098.1_204,0
RS_GCF_946187255.1,NZ_CAMHRZ010000316.1_5_A,NZ_CAMHRZ010000316.1_5,0
RS_GCF_965644225.1,NZ_CBFFRJ010000167.1_4_A,NZ_CBFFRJ010000167.1_4,0
GB_GCA_002506905.1,DAYM01000013.1_2_A,DAYM01000013.1_2,0
GB_GCA_009777615.1,WRLM01000001.1_311_A,WRLM01000001.1_311,0
GB_GCA_016928355.1,JAFGKW010000034.1_2_A,JAFGKW010000034.1_2,0
GB_GCA_023396065.1,JAEWXF010000023.1_20_A,JAEWXF010000023.1_20,0
GB_GCA_028679485.1,JAJRBL010000228.1_8_A,JAJRBL010000228.1_8,0
GB_GCA_031256955.1,JAIRPP010000008.1_191_A,JAIRPP010000008.1_191,0
GB_GCA_031290095.1,JAITOF010000079.1_11_A,JAITOF010000079.1_11,0
GB_GCA_039683275.1,JBDKRP010000004.1_21_A,JBDKRP010000004.1_21,0
GB_GCA_041653075.1,JBAZFZ010000028.1_18_A,JBAZFZ010000028.1_18,0
GB_GCA_052325125.1,JBKQWO010000034.1_69_A,JBKQWO010000034.1_69,0
GB_GCA_959597175.1,CAUFXM010000012.1_2_A,CAUFXM010000012.1_2,0
GB_GCA_963640995.1,CAVICI010000028.1_22_A,CAVICI010000028.1_22,0
GB_GCA_963668475.1,OY764544.1_447_A,OY764544.1_447,0
GB_GCA_963727895.1,CAVSHT010000007.1_58_A,CAVSHT010000007.1_58,0
GB_GCA_963763235.1,CAVXNY010000013.1_173_A,CAVXNY010000013.1_173,0
GB_GCA_963825335.1,CAWGSP010000001.1_384_A,CAWGSP010000001.1_384,0
GB_GCA_964479785.1,CAYZSQ010000031.1_10_A,CAYZSQ010000031.1_10,0
GB_GCA_964620455.1,CAZUIU010000001.1_182_A,CAZUIU010000001.1_182,0
RS_GCF_000017165.1,NC_009634.1_60_A,NC_009634.1_60,0
RS_GCF_000251105.1,NC_017034.1_148_A,NC_017034.1_148,0
RS_GCF_000969985.1,NZ_CP009526.1_3435_B,NZ_CP009526.1_3435,0
RS_GCF_017873855.1,NZ_JAGGKR010000001.1_837_A,NZ_JAGGKR010000001.1_837,0
RS_GCF_023167465.1,NZ_AP025698.1_1255_A,NZ_AP025698.1_1255,0
RS_GCF_030651615.1,NZ_JAUSCG010000065.1_4_A,NZ_JAUSCG010000065.1_4,0
RS_GCF_041663825.1,NZ_JBAYLY010000024.1_28_A,NZ_JBAYLY010000024.1_28,0
RS_GCF_050010295.1,NZ_JBEKLH010000004.1_82_A,NZ_JBEKLH010000004.1_82,0
GB_GCA_000961575.1,LADP01000032.1_52_A,LADP01000032.1_52,0
GB_GCA_001604185.1,LVAV01000054.1_58_A,LVAV01000054.1_58,0
GB_GCA_002294045.1,DBEP01000075.1_40_A,DBEP01000075.1_40,0
GB_GCA_002307035.1,DBTL01000134.1_14_A,DBTL01000134.1_14,0
GB_GCA_002348905.1,DEBW01000034.1_27_A,DEBW01000034.1_27,0
GB_GCA_002402945.1,DHGV01000056.1_3_A,DHGV01000056.1_3,0
GB_GCA_002423105.1,DIUT01000007.1_32_A,DIUT01000007.1_32,0
GB_GCA_002897855.1,BDTO01000027.1_2_A,BDTO01000027.1_2,0
GB_GCA_003501365.1,DNPP01000252.1_4_A,DNPP01000252.1_4,0
GB_GCA_007123515.1,SKKY01000079.1_3_A,SKKY01000079.1_3,0
GB_GCA_009711705.1,VENG01000008.1_190_A,VENG01000008.1_190,0
GB_GCA_012517475.1,JAAYUV010000017.1_18_A,JAAYUV010000017.1_18,0
GB_GCA_013334225.1,JAAXXY010000035.1_20_A,JAAXXY010000035.1_20,0
GB_GCA_015057705.1,SVDU01000009.1_55_A,SVDU01000009.1_55,0
GB_GCA_015654525.1,JAATGT010000298.1_9_A,JAATGT010000298.1_9,0
GB_GCA_015654985.1,JAATFW010000214.1_7_A,JAATFW010000214.1_7,0
GB_GCA_016215605.1,JACRJB010000068.1_92_A,JACRJB010000068.1_92,0
GB_GCA_016290995.1,JAEEVR010000028.1_19_A,JAEEVR010000028.1_19,0
GB_GCA_016931575.1,JAFGEO010000164.1_2_A,JAFGEO010000164.1_2,0
GB_GCA_017453705.1,JAFTEK010000035.1_6_B,JAFTEK010000035.1_6,0
GB_GCA_017634275.1,JAGBNQ010000052.1_6_A,JAGBNQ010000052.1_6,0
GB_GCA_017889585.1,JAGFZX010000051.1_23_A,JAGFZX010000051.1_23,0
GB_GCA_017961235.1,JAGCXQ010000022.1_2_A,JAGCXQ010000022.1_2,0
GB_GCA_018434945.1,JAHDOI010000017.1_12_A,JAHDOI010000017.1_12,0
GB_GCA_021107335.1,JAIOSZ010000015.1_4_A,JAIOSZ010000015.1_4,0
GB_GCA_021781745.1,JAJXWH010000032.1_51_A,JAJXWH010000032.1_51,0
GB_GCA_021810985.1,JAJZQA010000284.1_2_A,JAJZQA010000284.1_2,0
GB_GCA_023249405.1,JAHFCR010000013.1_31_A,JAHFCR010000013.1_31,0
GB_GCA_023390555.1,JAEWCQ010000016.1_18_A,JAEWCQ010000016.1_18,0
GB_GCA_023392595.1,JAEVYU010000055.1_59_A,JAEVYU010000055.1_59,0
GB_GCA_023398375.1,JAEWSH010000042.1_390_A,JAEWSH010000042.1_390,0
GB_GCA_023401925.1,JAEXDA010000044.1_117_A,JAEXDA010000044.1_117,0
GB_GCA_023408315.1,JAEYKI010000019.1_186_A,JAEYKI010000019.1_186,0
GB_GCA_023410445.1,JAEYPT010000004.1_45_A,JAEYPT010000004.1_45,0
GB_GCA_023412715.1,JAEZCC010000019.1_46_A,JAEZCC010000019.1_46,0
GB_GCA_023417475.1,JAEZFP010000045.1_4_A,JAEZFP010000045.1_4,0
GB_GCA_023424995.1,JAFADH010000181.1_14_A,JAFADH010000181.1_14,0
GB_GCA_023433405.1,JAEZCT010000019.1_2_A,JAEZCT010000019.1_2,0
GB_GCA_023437715.1,JAEZFK010000083.1_14_A,JAEZFK010000083.1_14,0
GB_GCA_023458095.1,JAEXAS010000034.1_2_A,JAEXAS010000034.1_2,0
GB_GCA_025355325.1,JANXZX010000088.1_8_A,JANXZX010000088.1_8,0
GB_GCA_028681335.1,JAQUIT010000001.1_56_A,JAQUIT010000001.1_56,0
GB_GCA_029256305.1,JAQSYE010000096.1_8_A,JAQSYE010000096.1_8,0
GB_GCA_029975275.1,JARKPN010000027.1_26_A,JARKPN010000027.1_26,0
GB_GCA_031222025.1,CP130740.1_815_A,CP130740.1_815,0
GB_GCA_031261445.1,JAISJQ010000022.1_19_A,JAISJQ010000022.1_19,0
GB_GCA_031269465.1,JAISZB010000292.1_25_A,JAISZB010000292.1_25,0
GB_GCA_031271265.1,JAISWB010000019.1_19_B,JAISWB010000019.1_19,0
GB_GCA_031273805.1,JAISRE010000078.1_15_A,JAISRE010000078.1_15,0
GB_GCA_031275465.1,JAISOT010000039.1_13_A,JAISOT010000039.1_13,0
GB_GCA_031277075.1,JAISLV010000070.1_2_A,JAISLV010000070.1_2,0
GB_GCA_031279515.1,JAITII010000037.1_53_A,JAITII010000037.1_53,0
GB_GCA_031281345.1,JAITFN010000026.1_16_A,JAITFN010000026.1_16,0
GB_GCA_031288415.1,JAITRL010000323.1_13_A,JAITRL010000323.1_13,0
GB_GCA_031289735.1,JAITOV010000141.1_12_A,JAITOV010000141.1_12,0
GB_GCA_031290515.1,JAITNK010000001.1_5_A,JAITNK010000001.1_5,0
GB_GCA_031460455.1,JAVKTQ010000010.1_127_A,JAVKTQ010000010.1_127,0
GB_GCA_034429935.1,DAOUFJ010000017.1_13_A,DAOUFJ010000017.1_13,0
GB_GCA_035470605.1,DATIQS010000044.1_4_A,DATIQS010000044.1_4,0
GB_GCA_035561215.1,DATMYB010000015.1_11_A,DATMYB010000015.1_11,0
GB_GCA_036677675.1,JAVBWC010000001.1_58_A,JAVBWC010000001.1_58,0
GB_GCA_036833715.1,DAITPG010000041.1_7_A,DAITPG010000041.1_7,0
GB_GCA_039679805.1,JBDKUD010000103.1_6_A,JBDKUD010000103.1_6,0
GB_GCA_040753635.1,JBFMDL010000036.1_5_A,JBFMDL010000036.1_5,0
GB_GCA_040882925.1,JBFLJZ010000056.1_2_A,JBFLJZ010000056.1_2,0
GB_GCA_041653135.1,JBAZGB010000029.1_9_A,JBAZGB010000029.1_9,0
GB_GCA_044426345.1,JAWXUP010000010.1_45_A,JAWXUP010000010.1_45,0
GB_GCA_046706685.1,JBJKPE010000072.1_6_A,JBJKPE010000072.1_6,0
GB_GCA_047604985.1,JASGGP010000060.1_9_A,JASGGP010000060.1_9,0
GB_GCA_047974325.1,JBKECE010000070.1_6_A,JBKECE010000070.1_6,0
GB_GCA_049324975.1,JBMOPI010000013.1_10_A,JBMOPI010000013.1_10,0
GB_GCA_049840955.1,JASGIX010000034.1_79_B,JASGIX010000034.1_79,0
GB_GCA_050251945.1,JBFWLW010000004.1_209_A,JBFWLW010000004.1_209,0
GB_GCA_051879955.1,JBJENA010000080.1_17_A,JBJENA010000080.1_17,0
GB_GCA_900317035.1,ONFC01000088.1_6_A,ONFC01000088.1_6,0
GB_GCA_902780505.1,CACZFN010000023.1_4_A,CACZFN010000023.1_4,0
GB_GCA_902799665.1,CADCBK010000019.1_46_A,CADCBK010000019.1_46,0
GB_GCA_905235455.1,CAJOLL010000010.1_16_A,CAJOLL010000010.1_16,0
GB_GCA_937885475.1,CAKZZR010000124.1_9_A,CAKZZR010000124.1_9,0
GB_GCA_946407015.1,CAMJML010000009.1_96_A,CAMJML010000009.1_96,0
GB_GCA_946536145.1,CAMNEA010000042.1_15_A,CAMNEA010000042.1_15,0
GB_GCA_947168365.1,CAMVLO010000020.1_44_A,CAMVLO010000020.1_44,0
GB_GCA_947628795.1,CANRBF010000008.1_106_A,CANRBF010000008.1_106,0
GB_GCA_963526645.1,CAUROG010000029.1_10_A,CAUROG010000029.1_10,0
GB_GCA_963664135.1,OY760905.1_2737_A,OY760905.1_2737,0
GB_GCA_963667825.1,OY764022.1_2422_A,OY764022.1_2422,0
GB_GCA_963676095.1,OY781040.1_2201_A,OY781040.1_2201,0
GB_GCA_963677785.2,CAXXDH010000001.1_224_A,CAXXDH010000001.1_224,0
GB_GCA_963746935.1,CAVVDU010000032.1_99_A,CAVVDU010000032.1_99,0
GB_GCA_963790715.1,CAWBPN010000016.1_54_A,CAWBPN010000016.1_54,0
GB_GCA_964292325.1,CAXYVG010000064.1_9_A,CAXYVG010000064.1_9,0
GB_GCA_964413315.1,CAYPRZ010000051.1_2_A,CAYPRZ010000051.1_2,0
GB_GCA_964428015.1,CAYRWR010000004.1_51_B,CAYRWR010000004.1_51,0
GB_GCA_964457945.1,CAYWFX010000006.1_72_A,CAYWFX010000006.1_72,0
GB_GCA_964501655.1,CAZCTN010000018.1_12_A,CAZCTN010000018.1_12,0
GB_GCA_964540275.1,CAZIMB010000018.1_5_A,CAZIMB010000018.1_5,0
GB_GCA_964559815.1,CAZLJN010000083.1_1_A,CAZLJN010000083.1_1,0
GB_GCA_964611215.1,CAZSXF010000011.1_14_A,CAZSXF010000011.1_14,0
GB_GCA_964637385.1,CAZWTM010000046.1_14_A,CAZWTM010000046.1_14,0
GB_GCA_965140735.1,OZ223306.1_1180_A,OZ223306.1_1180,0
RS_GCF_000016505.1,NC_009706.1_1725_A,NC_009706.1_1725,0
RS_GCF_000174415.1,NZ_ACJM01000023.1_2_A,NZ_ACJM01000023.1_2,0
RS_GCF_000190635.1,NC_015172.1_2803_A,NC_015172.1_2803,0
RS_GCF_000246895.1,NZ_BAEV01000023.1_15_A,NZ_BAEV01000023.1_15,0
RS_GCF_000284415.1,NC_017059.1_561_A,NC_017059.1_561,0
RS_GCF_000340885.1,NC_020291.1_3005_A,NC_020291.1_3005,0
RS_GCF_000389635.1,NC_021182.1_3342_A,NC_021182.1_3342,0
RS_GCF_000430885.1,NZ_AUMW01000018.1_60_A,NZ_AUMW01000018.1_60,0
RS_GCF_000526495.1,NZ_JAGE01000002.1_588_A,NZ_JAGE01000002.1_588,0
RS_GCF_000621745.1,NZ_KK211339.1_41_A,NZ_KK211339.1_41,0
RS_GCF_000725345.1,NZ_CP008852.1_42_A,NZ_CP008852.1_42,0
RS_GCF_000807255.1,NZ_CP009268.1_1369_A,NZ_CP009268.1_1369,0
RS_GCF_001295845.1,NZ_LJIC01000158.1_102_A,NZ_LJIC01000158.1_102,0
RS_GCF_001623875.1,NZ_LWAE01000003.1_298_A,NZ_LWAE01000003.1_298,0
RS_GCF_001902295.1,NZ_CP018335.1_2110_A,NZ_CP018335.1_2110,0
RS_GCF_002073975.1,NZ_CP020384.1_3355_A,NZ_CP020384.1_3355,0
RS_GCF_002760435.1,NZ_AUUU01000066.1_13_A,NZ_AUUU01000066.1_13,0
RS_GCF_002937075.1,NZ_NHSJ01000060.1_13_A,NZ_NHSJ01000060.1_13,0
RS_GCF_003226555.1,NZ_QKQS01000006.1_447_A,NZ_QKQS01000006.1_447,0
RS_GCF_003966715.1,NZ_AP018907.1_604_A,NZ_AP018907.1_604,0
RS_GCF_004341685.1,NZ_SMAA01000010.1_71_A,NZ_SMAA01000010.1_71,0
RS_GCF_006715975.1,NZ_VFOF01000001.1_274_A,NZ_VFOF01000001.1_274,0
RS_GCF_007992075.1,NZ_BJZO01000043.1_25_A,NZ_BJZO01000043.1_25,0
RS_GCF_008802365.1,NZ_VZQZ01000001.1_229_A,NZ_VZQZ01000001.1_229,0
RS_GCF_010131535.1,NZ_WUBS01000013.1_121_A,NZ_WUBS01000013.1_121,0
RS_GCF_013415845.1,NZ_CP058907.1_1401_A,NZ_CP058907.1_1401,0
RS_GCF_014284475.1,NZ_WJBC01000012.1_15_A,NZ_WJBC01000012.1_15,0
RS_GCF_016591975.1,NZ_AP024169.1_4140_A,NZ_AP024169.1_4140,0
RS_GCF_018128545.1,NZ_JAGSND010000004.1_43_A,NZ_JAGSND010000004.1_43,0
RS_GCF_018861735.1,NZ_JAHLEB010000046.1_28_A,NZ_JAHLEB010000046.1_28,0
RS_GCF_019797845.1,NZ_CP081864.1_3386_A,NZ_CP081864.1_3386,0
RS_GCF_020523985.1,NZ_JAIVKM010000001.1_401_A,NZ_JAIVKM010000001.1_401,0
RS_GCF_022482905.1,NZ_JAKVOI010000001.1_2972_A,NZ_JAKVOI010000001.1_2972,0
RS_GCF_025961575.1,NZ_JAOQNX010000010.1_37_A,NZ_JAOQNX010000010.1_37,0
RS_GCF_029267515.1,NZ_JAJUIS010000005.1_168_A,NZ_JAJUIS010000005.1_168,0
RS_GCF_030813505.1,NZ_JAUSUE010000023.1_41_A,NZ_JAUSUE010000023.1_41,0
RS_GCF_032064125.1,NZ_DAMBNZ010000003.1_318_A,NZ_DAMBNZ010000003.1_318,0
RS_GCF_035561155.1,NZ_DATMYD010000126.1_8_A,NZ_DATMYD010000126.1_8,0
RS_GCF_036541405.1,NZ_JAZHFS010000006.1_168_A,NZ_JAZHFS010000006.1_168,0
RS_GCF_039134705.1,NZ_CP146256.1_1348_A,NZ_CP146256.1_1348,0
RS_GCF_041428895.1,NZ_CP156926.1_5507_A,NZ_CP156926.1_5507,0
RS_GCF_042649925.1,NZ_JBHSAF010000014.1_114_A,NZ_JBHSAF010000014.1_114,0
RS_GCF_045310795.1,NZ_JBJIAB010000028.1_26_A,NZ_JBJIAB010000028.1_26,0
RS_GCF_047324305.1,NZ_CP178740.1_1536_A,NZ_CP178740.1_1536,0
RS_GCF_047718555.1,NZ_JBDNRK010000013.1_34_A,NZ_JBDNRK010000013.1_34,0
RS_GCF_048594845.1,NZ_JBMDXE010000078.1_5_A,NZ_JBMDXE010000078.1_5,0
RS_GCF_900078195.1,NZ_FJVE01000007.1_1223_A,NZ_FJVE01000007.1_1223,0
RS_GCF_900112155.1,NZ_FOKQ01000005.1_30_A,NZ_FOKQ01000005.1_30,0
RS_GCF_900129195.1,NZ_FQUY01000008.1_75_A,NZ_FQUY01000008.1_75,0
RS_GCF_900143285.1,NZ_FRDN01000007.1_282_A,NZ_FRDN01000007.1_282,0
RS_GCF_900187365.1,NZ_FYDG01000013.1_82_A,NZ_FYDG01000013.1_82,0
RS_GCF_963556105.3,NZ_CAUVYG020000001.1_1901_A,NZ_CAUVYG020000001.1_1901,0
GB_GCA_002508465.1,DAQQ01000252.1_3_A,DAQQ01000252.1_3,0
GB_GCA_009911715.1,CP047880.1_1499_A,CP047880.1_1499,0
GB_GCA_017475875.1,JAFVET010000159.1_1_A,JAFVET010000159.1_1,0
GB_GCA_023436075.1,JAEZKS010000164.1_4_A,JAEZKS010000164.1_4,0
GB_GCA_028705545.1,JAQWDG010000020.1_8_A,JAQWDG010000020.1_8,0
GB_GCA_031267895.1,JAIRYF010000057.1_3_A,JAIRYF010000057.1_3,0
GB_GCA_033485155.1,JAWQJJ010000001.1_241_A,JAWQJJ010000001.1_241,0
GB_GCA_039698055.1,JBDKTL010000004.1_15_A,JBDKTL010000004.1_15,0
GB_GCA_041653075.1,JBAZFZ010000067.1_4_A,JBAZFZ010000067.1_4,0
GB_GCA_903832665.1,CAILCG010000025.1_24_A,CAILCG010000025.1_24,0
GB_GCA_963586845.1,CAVABN010000001.1_3_A,CAVABN010000001.1_3,0
GB_GCA_963645865.1,CAVIUM010000035.1_2_A,CAVIUM010000035.1_2,0
GB_GCA_963676045.1,OY780938.1_1546_A,OY780938.1_1546,0
GB_GCA_963733675.1,CAVTET010000004.1_146_A,CAVTET010000004.1_146,0
GB_GCA_963780625.1,CAWACH010000002.1_385_A,CAWACH010000002.1_385,0
GB_GCA_963826525.1,CAWGXH010000004.1_190_A,CAWGXH010000004.1_190,0
GB_GCA_964499845.1,CAZCMJ010000081.1_2_A,CAZCMJ010000081.1_2,0
GB_GCA_964624045.1,CAZUXC010000016.1_4_A,CAZUXC010000016.1_4,0
RS_GCF_000017625.1,NC_009712.1_2057_A,NC_009712.1_2057,0
RS_GCF_000275865.1,NZ_CM001555.1_525_A,NZ_CM001555.1_525,0
RS_GCF_001729965.1,NZ_JRWK01000002.1_84_A,NZ_JRWK01000002.1_84,0
RS_GCF_017875315.1,NZ_JAGGMM010000001.1_502_A,NZ_JAGGMM010000001.1_502,0
RS_GCF_025397995.1,NZ_CP104550.1_153_A,NZ_CP104550.1_153,0
RS_GCF_030655665.1,NZ_JAUSPQ010000004.1_137_A,NZ_JAUSPQ010000004.1_137,0
RS_GCF_046195335.1,NZ_CP176093.1_2532_A,NZ_CP176093.1_2532,0
RS_GCF_052055875.1,NZ_CP170508.1_1256_A,NZ_CP170508.1_1256,0
GB_GCA_000961585.1,LADN01000053.1_41_A,LADN01000053.1_41,0
GB_GCA_001657575.1,LBCX01000005.1_34_A,LBCX01000005.1_34,0
GB_GCA_002294045.1,DBEP01000075.1_46_A,DBEP01000075.1_46,0
GB_GCA_002307145.1,DBTR01000004.1_5_A,DBTR01000004.1_5,0
GB_GCA_002371265.1,DFGT01000027.1_20_A,DFGT01000027.1_20,0
GB_GCA_002403785.1,DHIM01000108.1_16_A,DHIM01000108.1_16,0
GB_GCA_002423105.1,DIUT01000018.1_6_B,DIUT01000018.1_6,0
GB_GCA_002897935.1,BDTA01000079.1_2_A,BDTA01000079.1_2,0
GB_GCA_003543235.1,DPJA01000039.1_219_A,DPJA01000039.1_219,0
GB_GCA_007134025.1,SLLR01000133.1_5_A,SLLR01000133.1_5,0
GB_GCA_009712635.1,WASS01000015.1_283_A,WASS01000015.1_283,0
GB_GCA_012519695.1,JAAYPT010000046.1_1_A,JAAYPT010000046.1_1,0
GB_GCA_013334335.1,JAAXXR010000070.1_9_A,JAAXXR010000070.1_9,0
GB_GCA_015057715.1,SVDS01000056.1_14_A,SVDS01000056.1_14,0
GB_GCA_015654525.1,JAATGT010000298.1_10_A,JAATGT010000298.1_10,0
GB_GCA_015655075.1,JAATFT010000093.1_17_A,JAATFT010000093.1_17,0
GB_GCA_016234115.1,JACRHD010000067.1_128_A,JACRHD010000067.1_128,0
GB_GCA_016291375.1,JAEEXE010000077.1_6_A,JAEEXE010000077.1_6,0
GB_GCA_016931575.1,JAFGEO010000164.1_3_A,JAFGEO010000164.1_3,0
GB_GCA_017470535.1,JAFUYP010000009.1_30_A,JAFUYP010000009.1_30,0
GB_GCA_017634555.1,JAGBNF010000007.1_28_A,JAGBNF010000007.1_28,0
GB_GCA_017889625.1,JAGGAD010000016.1_49_A,JAGGAD010000016.1_49,0
GB_GCA_017962145.1,JAGCVX010000017.1_18_A,JAGCVX010000017.1_18,0
GB_GCA_018903255.1,JAHIQT010000088.1_8_A,JAHIQT010000088.1_8,0
GB_GCA_021199255.1,JAJQIK010000045.1_83_A,JAJQIK010000045.1_83,0
GB_GCA_021782105.1,JAJXVO010000114.1_4_A,JAJXVO010000114.1_4,0
GB_GCA_021849745.1,JAJZSN010000031.1_33_A,JAJZSN010000031.1_33,0
GB_GCA_023386035.1,JAEWKM010000029.1_15_A,JAEWKM010000029.1_15,0
GB_GCA_023390555.1,JAEWCQ010000016.1_124_A,JAEWCQ010000016.1_124,0
GB_GCA_023392615.1,JAEVYT010000017.1_399_A,JAEVYT010000017.1_399,0
GB_GCA_023398615.1,JAEWSD010000176.1_10_A,JAEWSD010000176.1_10,0
GB_GCA_023402395.1,JAEYGI010000042.1_155_A,JAEYGI010000042.1_155,0
GB_GCA_023408815.1,JAEYJO010000061.1_86_A,JAEYJO010000061.1_86,0
GB_GCA_023410535.1,JAEYPR010000010.1_352_A,JAEYPR010000010.1_352,0
GB_GCA_023415305.1,JAEZKZ010000110.1_103_A,JAEZKZ010000110.1_103,0
GB_GCA_023418475.1,JAEZZO010000009.1_87_A,JAEZZO010000009.1_87,0
GB_GCA_023424995.1,JAFADH010000279.1_19_A,JAFADH010000279.1_19,0
GB_GCA_023433945.1,JAEYTP010000023.1_48_C,JAEYTP010000023.1_48,0
GB_GCA_023439185.1,JAEXOR010000055.1_100_A,JAEXOR010000055.1_100,0
GB_GCA_023460085.1,JAEWRI010000036.1_274_A,JAEWRI010000036.1_274,0
GB_GCA_026000755.1,BNZC01000006.1_32_A,BNZC01000006.1_32,0
GB_GCA_028683555.1,JAQUHN010000098.1_1_A,JAQUHN010000098.1_1,0
GB_GCA_029256725.1,JAQSXJ010000016.1_30_A,JAQSXJ010000016.1_30,0
GB_GCA_029976065.1,JARKNV010000012.1_48_A,JARKNV010000012.1_48,0
GB_GCA_031257175.1,JAIRPE010000126.1_7_A,JAIRPE010000126.1_7,0
GB_GCA_031261565.1,JAISJK010000092.1_2_A,JAISJK010000092.1_2,0
GB_GCA_031269825.1,JAISYP010000027.1_10_A,JAISYP010000027.1_10,0
GB_GCA_031272185.1,JAISUG010000045.1_26_A,JAISUG010000045.1_26,0
GB_GCA_031273845.1,JAISRC010000151.1_1_A,JAISRC010000151.1_1,0
GB_GCA_031275645.1,JAISOL010000070.1_70_A,JAISOL010000070.1_70,0
GB_GCA_031277095.1,JAISLU010000002.1_7_A,JAISLU010000002.1_7,0
GB_GCA_031279525.1,JAITIH010000351.1_4_A,JAITIH010000351.1_4,0
GB_GCA_031281735.1,JAITEZ010000129.1_7_A,JAITEZ010000129.1_7,0
GB_GCA_031288415.1,JAITRL010000323.1_13_B,JAITRL010000323.1_13,0
GB_GCA_031289735.1,JAITOV010000166.1_15_A,JAITOV010000166.1_15,0
GB_GCA_031290775.1,JAITMX010000014.1_4_A,JAITMX010000014.1_4,0
GB_GCA_031548405.1,JAVBRC010000143.1_11_A,JAVBRC010000143.1_11,0
GB_GCA_034927445.1,JAYFPZ010000001.1_20_A,JAYFPZ010000001.1_20,0
GB_GCA_035490915.1,DATJLB010000083.1_7_A,DATJLB010000083.1_7,0
GB_GCA_035561215.1,DATMYB010000174.1_19_A,DATMYB010000174.1_19,0
GB_GCA_036677675.1,JAVBWC010000001.1_62_A,JAVBWC010000001.1_62,0
GB_GCA_037381085.1,JARRRD010000091.1_12_A,JARRRD010000091.1_12,0
GB_GCA_039680175.1,JBDKTO010000111.1_11_A,JBDKTO010000111.1_11,0
GB_GCA_040754455.1,JBFMCP010000001.1_66_A,JBFMCP010000001.1_66,0
GB_GCA_041223105.1,JBCLPO010000001.1_12_A,JBCLPO010000001.1_12,0
GB_GCA_041672425.1,JBAYZR010000039.1_5_A,JBAYZR010000039.1_5,0
GB_GCA_045131275.1,JBGUQT010000043.1_52_A,JBGUQT010000043.1_52,0
GB_GCA_046719235.1,JBDNDH010000053.1_6_A,JBDNDH010000053.1_6,0
GB_GCA_047605645.1,JASGFJ010000031.1_20_A,JASGFJ010000031.1_20,0
GB_GCA_047974745.1,JBKECO010000021.1_154_A,JBKECO010000021.1_154,0
GB_GCA_049325055.1,JBMOPB010000111.1_22_A,JBMOPB010000111.1_22,0
GB_GCA_049841175.1,JASGHA010000005.1_13_A,JASGHA010000005.1_13,0
GB_GCA_050252135.1,JBFWLN010000005.1_54_A,JBFWLN010000005.1_54,0
GB_GCA_052139735.1,JBKQWB010000064.1_73_A,JBKQWB010000064.1_73,0
GB_GCA_900321215.1,ONVE01000082.1_3_A,ONVE01000082.1_3,0
GB_GCA_902781565.1,CACZJT010000011.1_23_A,CACZJT010000011.1_23,0
GB_GCA_902800795.1,CADCFQ010000017.1_17_A,CADCFQ010000017.1_17,0
GB_GCA_905235955.1,CAJONN010000043.1_8_A,CAJONN010000043.1_8,0
GB_GCA_937894905.1,CALAWD010000093.1_10_A,CALAWD010000093.1_10,0
GB_GCA_946407015.1,CAMJML010000009.1_102_A,CAMJML010000009.1_102,0
GB_GCA_946544235.1,CAMNMC010000112.1_29_B,CAMNMC010000112.1_29,0
GB_GCA_947169885.1,CAMVRM010000019.1_27_A,CAMVRM010000019.1_27,0
GB_GCA_947630925.1,CANRJM010000026.1_14_A,CANRJM010000026.1_14,0
GB_GCA_963528005.1,CAURSM010000004.1_28_A,CAURSM010000004.1_28,0
GB_GCA_963665275.2,CAXXIN010000018.1_74_A,CAXXIN010000018.1_74,0
GB_GCA_963674895.2,CAXXCY010000003.1_964_A,CAXXCY010000003.1_964,0
GB_GCA_963676435.2,CAXXOZ010000013.1_3_A,CAXXOZ010000013.1_3,0
GB_GCA_963677915.2,CAXXGE010000021.1_127_A,CAXXGE010000021.1_127,0
GB_GCA_963748325.1,CAVVIJ010000004.1_1711_A,CAVVIJ010000004.1_1711,0
GB_GCA_963791805.1,CAWBTU010000004.1_99_A,CAWBTU010000004.1_99,0
GB_GCA_964385235.1,CAYLOD010000020.1_3_A,CAYLOD010000020.1_3,0
GB_GCA_964414745.1,CAYPXB010000005.1_7_A,CAYPXB010000005.1_7,0
GB_GCA_964431365.1,CAYSJJ010000096.1_1_A,CAYSJJ010000096.1_1,0
GB_GCA_964458365.1,CAYWIN010000101.1_3_A,CAYWIN010000101.1_3,0
GB_GCA_964510795.1,CAZEDT010000078.1_10_A,CAZEDT010000078.1_10,0
GB_GCA_964541505.1,CAZIRG010000033.1_10_A,CAZIRG010000033.1_10,0
GB_GCA_964559815.1,CAZLJN010000290.1_4_A,CAZLJN010000290.1_4,0
GB_GCA_964612345.1,CAZTEH010000087.1_7_A,CAZTEH010000087.1_7,0
GB_GCA_964639515.1,CAZXDE010000124.1_5_A,CAZXDE010000124.1_5,0
GB_GCA_965366475.1,CBDUFN010000022.1_19_A,CBDUFN010000022.1_19,0
RS_GCF_000020525.1,NC_011026.1_1876_A,NC_011026.1_1876,0
RS_GCF_000178115.2,NC_014828.1_1551_A,NC_014828.1_1551,0
RS_GCF_000215085.1,NC_015589.1_3465_A,NC_015589.1_3465,0
RS_GCF_000246895.1,NZ_BAEV01000023.1_16_A,NZ_BAEV01000023.1_16,0
RS_GCF_000293785.1,NZ_AKZI01000081.1_43_A,NZ_AKZI01000081.1_43,0
RS_GCF_000350105.1,NZ_CAIY01000015.1_25_A,NZ_CAIY01000015.1_25,0
RS_GCF_000389635.1,NC_021182.1_3344_A,NC_021182.1_3344,0
RS_GCF_000442515.1,NZ_AQPH01000081.1_11_A,NZ_AQPH01000081.1_11,0
RS_GCF_000526775.1,NZ_JAGS01000001.1_1452_A,NZ_JAGS01000001.1_1452,0
RS_GCF_000622085.1,NZ_JHWL01000004.1_185_A,NZ_JHWL01000004.1_185,0
RS_GCF_000746025.2,NZ_CP045798.1_396_A,NZ_CP045798.1_396,0
RS_GCF_000983115.1,NZ_CGIH01000027.1_166_A,NZ_CGIH01000027.1_166,0
RS_GCF_001298735.1,NZ_CYSP01000014.1_51_A,NZ_CYSP01000014.1_51,0
RS_GCF_001658025.2,NZ_CP014007.2_2186_A,NZ_CP014007.2_2186,0
RS_GCF_001941975.2,NZ_CP146991.1_4027_A,NZ_CP146991.1_4027,0
RS_GCF_002095535.1,NZ_MLJI01000002.1_206_A,NZ_MLJI01000002.1_206,0
RS_GCF_002770725.1,NZ_NQVN01000002.1_268_A,NZ_NQVN01000002.1_268,0
RS_GCF_002995745.1,NZ_PVXQ01000001.1_148_A,NZ_PVXQ01000001.1_148,0
RS_GCF_003254295.1,NZ_QKZO01000014.1_43_A,NZ_QKZO01000014.1_43,0
RS_GCF_003966895.1,NZ_AP018449.1_441_A,NZ_AP018449.1_441,0
RS_GCF_004342175.1,NZ_SMAO01000001.1_336_A,NZ_SMAO01000001.1_336,0
RS_GCF_006742065.1,NZ_AP019717.1_415_A,NZ_AP019717.1_415,0
RS_GCF_008086595.1,NZ_RXYA01000003.1_90_A,NZ_RXYA01000003.1_90,0
RS_GCF_008830185.1,NZ_WAGX01000005.1_841_A,NZ_WAGX01000005.1_841,0
RS_GCF_010907035.1,NZ_QUMK01000077.1_14_A,NZ_QUMK01000077.1_14,0
RS_GCF_014191985.1,NZ_JACHXI010000008.1_96_A,NZ_JACHXI010000008.1_96,0
RS_GCF_014284495.1,NZ_WJBE01000020.1_51_A,NZ_WJBE01000020.1_51,0
RS_GCF_016865365.1,NZ_AP024469.1_3337_A,NZ_AP024469.1_3337,0
RS_GCF_018223745.1,NZ_CP073653.1_1982_A,NZ_CP073653.1_1982,0
RS_GCF_018905915.1,NZ_CP064782.1_251_A,NZ_CP064782.1_251,0
RS_GCF_019904155.1,NZ_JAHCMB010000046.1_133_A,NZ_JAHCMB010000046.1_133,0
RS_GCF_020819555.1,NZ_JAJHJB010000026.1_28_A,NZ_JAJHJB010000026.1_28,0
RS_GCF_022508225.1,NZ_JAETXJ010000003.1_381_A,NZ_JAETXJ010000003.1_381,0
RS_GCF_025962655.1,NZ_JAGFPE010000009.1_71_A,NZ_JAGFPE010000009.1_71,0
RS_GCF_029478095.1,NZ_JAKOAV010000020.1_44_A,NZ_JAKOAV010000020.1_44,0
RS_GCF_030824455.1,NZ_JAVBXR010000107.1_20_A,NZ_JAVBXR010000107.1_20,0
RS_GCF_032334055.1,NZ_JAUOZS010000001.1_2542_A,NZ_JAUOZS010000001.1_2542,0
RS_GCF_035561255.1,NZ_DATMXX010000359.1_23_A,NZ_DATMXX010000359.1_23,0
RS_GCF_036562005.2,NZ_JARXNH020000057.1_796_A,NZ_JARXNH020000057.1_796,0
RS_GCF_039545435.1,NZ_BRPJ01000010.1_64_A,NZ_BRPJ01000010.1_64,0
RS_GCF_041752335.1,NZ_JBGSHG010000006.1_9_A,NZ_JBGSHG010000006.1_9,0
RS_GCF_042682685.1,NZ_JBHUHX010000058.1_3_A,NZ_JBHUHX010000058.1_3,0
RS_GCF_046254905.1,NZ_CP158016.1_2784_A,NZ_CP158016.1_2784,0
RS_GCF_047456275.1,NZ_CP173357.1_3086_A,NZ_CP173357.1_3086,0
RS_GCF_047718555.1,NZ_JBDNRK010000013.1_35_A,NZ_JBDNRK010000013.1_35,0
RS_GCF_048627165.1,NZ_JBMBWP010000001.1_304_A,NZ_JBMBWP010000001.1_304,0
RS_GCF_900102485.1,NZ_FNBX01000016.1_25_A,NZ_FNBX01000016.1_25,0
RS_GCF_900112775.1,NZ_FOYZ01000001.1_314_A,NZ_FOYZ01000001.1_314,0
RS_GCF_900130055.1,NZ_FQXU01000020.1_40_A,NZ_FQXU01000020.1_40,0
RS_GCF_900143645.1,NZ_FRFD01000010.1_259_A,NZ_FRFD01000010.1_259,0
RS_GCF_900205965.1,NZ_OAOF01000001.1_45_A,NZ_OAOF01000001.1_45,0
RS_GCF_963664155.2,NZ_CAXXXH010000001.1_778_B,NZ_CAXXXH010000001.1_778,0
GB_GCA_002839675.1,PGYM01000001.1_518_A,PGYM01000001.1_518,0
GB_GCA_013331215.1,DUGU01000033.1_14_A,DUGU01000033.1_14,0
GB_GCA_017540825.1,JAFYAH010000006.1_8_A,JAFYAH010000006.1_8,0
GB_GCA_024399175.1,JAKSHU010000141.1_2_A,JAKSHU010000141.1_2,0
GB_GCA_030156225.1,JASGMW010000001.1_49_A,JASGMW010000001.1_49,0
GB_GCA_031271555.1,JAISVN010000066.1_1_A,JAISVN010000066.1_1,0
GB_GCA_034006405.1,JAVESW010000043.1_9_A,JAVESW010000043.1_9,0
GB_GCA_041645055.1,JBAZQT010000025.1_5_A,JBAZQT010000025.1_5,0
GB_GCA_045588265.1,JAZNDX010000001.1_2_A,JAZNDX010000001.1_2,0
GB_GCA_934702355.1,CAKUXX010000012.1_23_A,CAKUXX010000012.1_23,0
GB_GCA_963591575.1,CAVATL010000032.1_2_A,CAVATL010000032.1_2,0
GB_GCA_963650175.1,CAVJLK010000103.1_2_A,CAVJLK010000103.1_2,0
GB_GCA_963676235.1,OY781044.1_927_A,OY781044.1_927,0
GB_GCA_963733675.1,CAVTET010000012.1_27_A,CAVTET010000012.1_27,0
GB_GCA_963780665.1,CAWACJ010000006.1_80_A,CAWACJ010000006.1_80,0
GB_GCA_963848985.1,CAWKGG010000020.1_38_A,CAWKGG010000020.1_38,0
GB_GCA_964501255.1,CAZCSN010000056.1_5_A,CAZCSN010000056.1_5,0
GB_GCA_964625165.1,CAZVAS010000058.1_5_A,CAZVAS010000058.1_5,0
RS_GCF_000017625.1,NC_009712.1_1180_A,NC_009712.1_1180,0
RS_GCF_000300255.2,NC_020913.1_328_A,NC_020913.1_328,0
RS_GCF_002208625.1,NZ_MRCT01000039.1_8_A,NZ_MRCT01000039.1_8,0
RS_GCF_018141185.1,NZ_CP058560.1_1448_A,NZ_CP058560.1_1448,0
RS_GCF_026684035.1,NZ_CP113361.1_1050_A,NZ_CP113361.1_1050,0
RS_GCF_031461075.1,NZ_JAVKPK010000082.1_11_A,NZ_JAVKPK010000082.1_11,0
RS_GCF_046244385.1,NZ_CP176366.1_572_A,NZ_CP176366.1_572,0
RS_GCF_052057765.1,NZ_CP195120.1_2869_A,NZ_CP195120.1_2869,0
GB_GCA_000961595.1,LADO01000055.1_87_A,LADO01000055.1_87,0
GB_GCA_001803645.1,MHDW01000183.1_2_A,MHDW01000183.1_2,0
GB_GCA_002298145.1,DBMP01000016.1_10_A,DBMP01000016.1_10,0
GB_GCA_002307175.1,DBTS01000093.1_17_A,DBTS01000093.1_17,0
GB_GCA_002389905.1,DGRE01000019.1_26_A,DGRE01000019.1_26,0
GB_GCA_002403785.1,DHIM01000144.1_3_A,DHIM01000144.1_3,0
GB_GCA_002452325.1,DKFG01000158.1_2_A,DKFG01000158.1_2,0
GB_GCA_002898135.1,BDTQ01000254.1_5_A,BDTQ01000254.1_5,0
GB_GCA_003561875.1,PWVL01000034.1_1_A,PWVL01000034.1_1,0
GB_GCA_007693455.1,REDP01000239.1_10_A,REDP01000239.1_10,0
GB_GCA_009886125.1,VFJK01000131.1_9_A,VFJK01000131.1_9,0
GB_GCA_012972825.1,JABDHL010000026.1_128_A,JABDHL010000026.1_128,0
GB_GCA_013334435.1,JAAXXP010000007.1_42_A,JAAXXP010000007.1_42,0
GB_GCA_015061115.1,SUXE01000001.1_252_A,SUXE01000001.1_252,0
GB_GCA_015654535.1,JAATGU010000114.1_25_A,JAATGU010000114.1_25,0
GB_GCA_015655365.1,JAATFE010000358.1_9_A,JAATFE010000358.1_9,0
GB_GCA_016278505.1,JADQBQ010000019.1_107_A,JADQBQ010000019.1_107,0
GB_GCA_016342325.1,JAEINR010000051.1_38_B,JAEINR010000051.1_38,0
GB_GCA_016936495.1,JAFGXT010000334.1_8_A,JAFGXT010000334.1_8,0
GB_GCA_017484095.1,JAFUTU010000042.1_34_A,JAFUTU010000042.1_34,0
GB_GCA_017645785.1,JAGCNW010000006.1_53_A,JAGCNW010000006.1_53,0
GB_GCA_017889635.1,JAGGAC010000012.1_13_A,JAGGAC010000012.1_13,0
GB_GCA_018262235.1,JAGTRY010000045.1_36_A,JAGTRY010000045.1_36,0
GB_GCA_019313105.1,JAFDBW010000321.1_13_A,JAFDBW010000321.1_13,0
GB_GCA_021202335.1,JAJQDE010000041.1_87_A,JAJQDE010000041.1_87,0
GB_GCA_021782545.1,JAJXUW010000080.1_4_A,JAJXUW010000080.1_4,0
GB_GCA_022360435.1,JAKSCU010000109.1_33_A,JAKSCU010000109.1_33,0
GB_GCA_023386445.1,JAEWJR010000083.1_11_A,JAEWJR010000083.1_11,0
GB_GCA_023391105.1,JAEWBO010000037.1_13_A,JAEWBO010000037.1_13,0
GB_GCA_023393125.1,JAEWMQ010000078.1_22_A,JAEWMQ010000078.1_22,0
GB_GCA_023398615.1,JAEWSD010000210.1_13_A,JAEWSD010000210.1_13,0
GB_GCA_023402845.1,JAEYFP010000045.1_195_A,JAEYFP010000045.1_195,0
GB_GCA_023409265.1,JAEYHZ010000008.1_8_A,JAEYHZ010000008.1_8,0
GB_GCA_023411575.1,JAEYOP010000030.1_242_A,JAEYOP010000030.1_242,0
GB_GCA_023415475.1,JAEZKL010000174.1_54_A,JAEZKL010000174.1_54,0
GB_GCA_023419375.1,JAEZYD010000022.1_131_A,JAEZYD010000022.1_131,0
GB_GCA_023426245.1,JAFABB010000050.1_38_A,JAFABB010000050.1_38,0
GB_GCA_023433945.1,JAEYTP010000102.1_2_C,JAEYTP010000102.1_2,0
GB_GCA_023439505.1,JAEXNR010000001.1_6_A,JAEXNR010000001.1_6,0
GB_GCA_023461435.1,JAEYLC010000010.1_334_A,JAEYLC010000010.1_334,0
GB_GCA_026002715.1,BOCC01000074.1_8_A,BOCC01000074.1_8,0
GB_GCA_028683595.1,JAQUHM010000027.1_12_A,JAQUHM010000027.1_12,0
GB_GCA_029265905.1,JAJUGR010000018.1_42_A,JAJUGR010000018.1_42,0
GB_GCA_030154225.1,JASKKI010000005.1_51_A,JASKKI010000005.1_51,0
GB_GCA_031257535.1,JAIROO010000093.1_21_A,JAIROO010000093.1_21,0
GB_GCA_031261585.1,JAISJJ010000053.1_8_A,JAISJJ010000053.1_8,0
GB_GCA_031270275.1,JAISXZ010000004.1_16_A,JAISXZ010000004.1_16,0
GB_GCA_031272405.1,JAISTW010000046.1_41_A,JAISTW010000046.1_41,0
GB_GCA_031273905.1,JAISQZ010000141.1_6_A,JAISQZ010000141.1_6,0
GB_GCA_031276485.1,JAISMY010000033.1_16_A,JAISMY010000033.1_16,0
GB_GCA_031277995.1,JAITLH010000065.1_6_A,JAITLH010000065.1_6,0
GB_GCA_031280275.1,JAITGX010000044.1_8_A,JAITGX010000044.1_8,0
GB_GCA_031282085.1,JAITEK010000009.1_11_A,JAITEK010000009.1_11,0
GB_GCA_031288535.1,JAITRF010000106.1_1_A,JAITRF010000106.1_1,0
GB_GCA_031289755.1,JAITOU010000035.1_10_A,JAITOU010000035.1_10,0
GB_GCA_031291035.1,JAISLI010000038.1_30_A,JAISLI010000038.1_30,0
GB_GCA_031548405.1,JAVBRC010000143.1_15_A,JAVBRC010000143.1_15,0
GB_GCA_034927755.1,JAYFPN010000006.1_673_A,JAYFPN010000006.1_673,0
GB_GCA_035538795.1,DATLJS010000017.1_35_A,DATLJS010000017.1_35,0
GB_GCA_035686205.1,DASRZQ010000174.1_4_A,DASRZQ010000174.1_4,0
GB_GCA_036677685.1,JAVBWA010000020.1_25_A,JAVBWA010000020.1_25,0
GB_GCA_037440605.1,JBBITU010000017.1_25_A,JBBITU010000017.1_25,0
GB_GCA_039804805.1,JBDLVO010000366.1_4_A,JBDLVO010000366.1_4,0
GB_GCA_040754595.1,JBFMCH010000096.1_76_A,JBFMCH010000096.1_76,0
GB_GCA_041223105.1,JBCLPO010000003.1_211_A,JBCLPO010000003.1_211,0
GB_GCA_041741355.1,JBGSKE010000304.1_2_A,JBGSKE010000304.1_2,0
GB_GCA_046290845.1,JBKBUA010000009.1_27_A,JBKBUA010000009.1_27,0
GB_GCA_047178765.1,JBCQTG010000118.1_3_A,JBCQTG010000118.1_3,0
GB_GCA_047605645.1,JASGFJ010000031.1_21_A,JASGFJ010000031.1_21,0
GB_GCA_047975025.1,JBKECY010000035.1_33_A,JBKECY010000035.1_33,0
GB_GCA_049325075.1,JBMOPF010000098.1_11_A,JBMOPF010000098.1_11,0
GB_GCA_050031985.1,JBNAIG010000019.1_99_B,JBNAIG010000019.1_99,0
GB_GCA_050253535.1,JBFWIW010000039.1_10_A,JBFWIW010000039.1_10,0
GB_GCA_052146555.1,JBKQMU010000042.1_8_A,JBKQMU010000042.1_8,0
GB_GCA_900542835.1,UQPB01000008.1_15_A,UQPB01000008.1_15,0
GB_GCA_902782665.1,CACZOA010000061.1_10_A,CACZOA010000061.1_10,0
GB_GCA_903851385.1,CAINOC010000046.1_4_A,CAINOC010000046.1_4,0
GB_GCA_905235955.1,CAJONN010000043.1_10_B,CAJONN010000043.1_10,0
GB_GCA_937900485.1,CALCEL010000102.1_50_A,CALCEL010000102.1_50,0
GB_GCA_946407015.1,CAMJML010000010.1_86_A,CAMJML010000010.1_86,0
GB_GCA_947085825.1,CAMTXX010000005.1_24_A,CAMTXX010000005.1_24,0
GB_GCA_947307175.1,CAMZIK010000001.1_32_A,CAMZIK010000001.1_32,0
GB_GCA_963517115.1,CAUQEW010000020.1_36_A,CAUQEW010000020.1_36,0
GB_GCA_963662365.2,CAXXPA010000021.1_19_A,CAXXPA010000021.1_19,0
GB_GCA_963665495.1,OY762289.1_2882_A,OY762289.1_2882,0
GB_GCA_963675365.2,CAXXVA010000003.1_438_A,CAXXVA010000003.1_438,0
GB_GCA_963676855.1,OY781460.1_458_A,OY781460.1_458,0
GB_GCA_963678055.1,OY782679.1_1703_A,OY782679.1_1703,0
GB_GCA_963755075.1,CAVWKL010000144.1_11_A,CAVWKL010000144.1_11,0
GB_GCA_963796345.1,CAWCLI010000008.1_201_A,CAWCLI010000008.1_201,0
GB_GCA_964385235.1,CAYLOD010000020.1_5_A,CAYLOD010000020.1_5,0
GB_GCA_964414745.1,CAYPXB010000005.1_8_A,CAYPXB010000005.1_8,0
GB_GCA_964434465.1,CAYSWG010000095.1_4_A,CAYSWG010000095.1_4,0
GB_GCA_964466295.1,CAYXRC010000005.1_14_A,CAYXRC010000005.1_14,0
GB_GCA_964513965.1,CAZEOO010000001.1_318_A,CAZEOO010000001.1_318,0
GB_GCA_964542535.1,CAZIUE010000005.1_170_A,CAZIUE010000005.1_170,0
GB_GCA_964576485.1,CAZNWF010000004.1_40_A,CAZNWF010000004.1_40,0
GB_GCA_964612995.1,CAZTGE010000044.1_5_A,CAZTGE010000044.1_5,0
GB_GCA_964643075.1,CAZXQO010000017.1_26_A,CAZXQO010000017.1_26,0
GB_GCA_965543975.1,CBEULQ010000019.1_3_A,CBEULQ010000019.1_3,0
RS_GCF_000021865.1,NC_014034.1_585_A,NC_014034.1_585,0
RS_GCF_000178115.2,NC_014828.1_2309_A,NC_014828.1_2309,0
RS_GCF_000218875.1,NC_015709.1_960_A,NC_015709.1_960,0
RS_GCF_000247605.1,NC_016894.1_701_A,NC_016894.1_701,0
RS_GCF_000294655.1,NZ_CAHP01000020.1_248_A,NZ_CAHP01000020.1_248,0
RS_GCF_000350485.1,NZ_AORV01000038.1_31_A,NZ_AORV01000038.1_31,0
RS_GCF_000389635.1,NC_021182.1_4028_A,NC_021182.1_4028,0
RS_GCF_000445445.2,NZ_CP146301.1_4602_A,NZ_CP146301.1_4602,0
RS_GCF_000526995.1,NZ_AZUI01000001.1_5331_A,NZ_AZUI01000001.1_5331,0
RS_GCF_000636015.1,NZ_JFZJ01000001.1_74_A,NZ_JFZJ01000001.1_74,0
RS_GCF_000756615.1,NZ_CP009288.1_3307_A,NZ_CP009288.1_3307,0
RS_GCF_000993825.1,NZ_CP011114.1_2605_A,NZ_CP011114.1_2605,0
RS_GCF_001402875.1,NZ_CP012946.1_2852_A,NZ_CP012946.1_2852,0
RS_GCF_001730225.1,NZ_MIJE01000032.1_116_A,NZ_MIJE01000032.1_116,0
RS_GCF_002005145.1,NZ_CP019698.1_1956_A,NZ_CP019698.1_1956,0
RS_GCF_002237645.1,NZ_MJUZ01000014.1_18_A,NZ_MJUZ01000014.1_18,0
RS_GCF_002834385.1,NZ_PITQ01000001.1_498_A,NZ_PITQ01000001.1_498,0
RS_GCF_003031265.1,NZ_CP019966.1_1408_A,NZ_CP019966.1_1408,0
RS_GCF_003315515.1,NZ_QNRY01000002.1_38_A,NZ_QNRY01000002.1_38,0
RS_GCF_003966895.1,NZ_AP018449.1_2676_A,NZ_AP018449.1_2676,0
RS_GCF_004369225.1,NZ_QFFZ01000025.1_48_A,NZ_QFFZ01000025.1_48,0
RS_GCF_007005445.1,NZ_CP041387.1_1497_A,NZ_CP041387.1_1497,0
RS_GCF_008086595.1,NZ_RXYA01000010.1_14_A,NZ_RXYA01000010.1_14,0
RS_GCF_009617575.1,NZ_WIXJ01000009.1_26_A,NZ_WIXJ01000009.1_26,0
RS_GCF_011758645.1,NZ_JAAMOZ010000001.1_1826_B,NZ_JAAMOZ010000001.1_1826,0
RS_GCF_014197755.1,NZ_JACIGE010000001.1_52_A,NZ_JACIGE010000001.1_52,0
RS_GCF_015239775.1,NZ_CP058409.1_496_A,NZ_CP058409.1_496,0
RS_GCF_016865525.2,NZ_CP075169.1_91_A,NZ_CP075169.1_91,0
RS_GCF_018449575.1,NZ_JAAVUT010000006.1_104_A,NZ_JAAVUT010000006.1_104,0
RS_GCF_018918265.1,NZ_JAHLQC010000005.1_39_A,NZ_JAHLQC010000005.1_39,0
RS_GCF_019972295.1,NZ_BLJA01000001.1_283_A,NZ_BLJA01000001.1_283,0
RS_GCF_021209385.1,NZ_JAJOIL010000007.1_10_A,NZ_JAJOIL010000007.1_10,0
RS_GCF_022558445.1,NZ_CP054699.1_2242_A,NZ_CP054699.1_2242,0
RS_GCF_026646375.1,NZ_JAIPPU010000001.1_272_A,NZ_JAIPPU010000001.1_272,0
RS_GCF_029689925.1,NZ_CP121445.1_2823_A,NZ_CP121445.1_2823,0
RS_GCF_030913705.1,NZ_CP133190.1_936_A,NZ_CP133190.1_936,0
RS_GCF_032335695.1,NZ_JACTOJ010000010.1_109_A,NZ_JACTOJ010000010.1_109,0
RS_GCF_035644575.1,NZ_DASQOG010000146.1_14_A,NZ_DASQOG010000146.1_14,0
RS_GCF_036569345.1,NZ_DATCQT010000047.1_14_A,NZ_DATCQT010000047.1_14,0
RS_GCF_039830195.1,NZ_JBDODG010000031.1_9_A,NZ_JBDODG010000031.1_9,0
RS_GCF_041907885.1,NZ_JAYRGM010000006.1_8_A,NZ_JAYRGM010000006.1_8,0
RS_GCF_042683065.1,NZ_JBHUIX010000013.1_78_A,NZ_JBHUIX010000013.1_78,0
RS_GCF_046603805.1,NZ_CP176628.1_323_A,NZ_CP176628.1_323,0
RS_GCF_047602565.1,NZ_JASGGX010000001.1_2696_A,NZ_JASGGX010000001.1_2696,0
RS_GCF_047718555.1,NZ_JBDNRK010000027.1_24_A,NZ_JBDNRK010000027.1_24,0
RS_GCF_048629425.1,NZ_CP184532.1_2220_A,NZ_CP184532.1_2220,0
RS_GCF_900104455.1,NZ_FNHB01000005.1_241_A,NZ_FNHB01000005.1_241,0
RS_GCF_900113335.1,NZ_FOOX01000003.1_96_A,NZ_FOOX01000003.1_96,0
RS_GCF_900141835.1,NZ_FQZD01000024.1_8_A,NZ_FQZD01000024.1_8,0
RS_GCF_900155545.1,NZ_LT732525.1_380_A,NZ_LT732525.1_380,0
RS_GCF_900217815.1,NZ_OBMT01000007.1_49_A,NZ_OBMT01000007.1_49,0
RS_GCF_963664415.2,NZ_CAXXPY010000006.1_2449_A,NZ_CAXXPY010000006.1_2449,0
GB_GCA_003154335.1,PMDE01000028.1_13_A,PMDE01000028.1_13,0
GB_GCA_015062825.1,SUTR01000074.1_2_A,SUTR01000074.1_2,0
GB_GCA_017935945.1,JAGBGN010000039.1_2_A,JAGBGN010000039.1_2,0
GB_GCA_024399225.1,JAKSHV010000127.1_2_A,JAKSHV010000127.1_2,0
GB_GCA_030168575.1,CP115555.1_122_A,CP115555.1_122,0
GB_GCA_031287135.1,JAITTK010000076.1_9_A,JAITTK010000076.1_9,0
GB_GCA_035319305.1,DATHCY010000003.1_4_A,DATHCY010000003.1_4,0
GB_GCA_041645355.1,JBAZQF010000011.1_54_A,JBAZQF010000011.1_54,0
GB_GCA_049975245.1,JBNGDB010000007.1_95_A,JBNGDB010000007.1_95,0
GB_GCA_937892275.1,CALAVG010000294.1_3_A,CALAVG010000294.1_3,0
GB_GCA_963611065.1,CAVDQR010000018.1_11_A,CAVDQR010000018.1_11,0
GB_GCA_963656905.1,CAVKKO010000252.1_2_A,CAVKKO010000252.1_2,0
GB_GCA_963676575.1,OY781078.1_258_A,OY781078.1_258,0
GB_GCA_963737635.1,CAVTTL010000001.1_1217_A,CAVTTL010000001.1_1217,0
GB_GCA_963788665.1,CAWBHV010000043.1_3_A,CAWBHV010000043.1_3,0
GB_GCA_964409915.1,CAYPEQ010000001.1_107_A,CAYPEQ010000001.1_107,0
GB_GCA_964515765.1,CAZEWE010000056.1_13_A,CAZEWE010000056.1_13,0
GB_GCA_964642535.1,CAZXRT010000095.1_6_A,CAZXRT010000095.1_6,0
RS_GCF_000021965.1,NC_011832.1_556_A,NC_011832.1_556,0
RS_GCF_000308215.1,NZ_CAJE01000024.1_47_A,NZ_CAJE01000024.1_47,0
RS_GCF_002502735.1,NZ_DAQC01000001.1_541_A,NZ_DAQC01000001.1_541,0
RS_GCF_018433835.1,NZ_JAHDQM010000027.1_33_A,NZ_JAHDQM010000027.1_33,0
RS_GCF_026891975.1,NZ_JAPTGB010000021.1_36_A,NZ_JAPTGB010000021.1_36,0
RS_GCF_032842345.1,NZ_WBKO01000003.1_104_A,NZ_WBKO01000003.1_104,0
RS_GCF_047501175.1,NZ_JBEQWH010000015.1_25_A,NZ_JBEQWH010000015.1_25,0
RS_GCF_902784195.1,NZ_CACZTX010000008.1_15_A,NZ_CACZTX010000008.1_15,0
GB_GCA_001516055.1,LOEZ01000019.1_81_A,LOEZ01000019.1_81,0
GB_GCA_001805055.1,MHDZ01000067.1_15_A,MHDZ01000067.1_15,0
GB_GCA_002298925.1,DBMM01000093.1_24_A,DBMM01000093.1_24,0
GB_GCA_002307185.1,DBTT01000042.1_3_A,DBTT01000042.1_3,0
GB_GCA_002391235.1,DGRX01000006.1_64_A,DGRX01000006.1_64,0
GB_GCA_002410325.1,DHRK01000019.1_76_A,DHRK01000019.1_76,0
GB_GCA_002452335.1,DKFJ01000006.1_205_A,DKFJ01000006.1_205,0
GB_GCA_003153275.1,PLXX01000039.1_23_A,PLXX01000039.1_23,0
GB_GCA_003574895.1,PJFB01000002.1_329_A,PJFB01000002.1_329,0
GB_GCA_007695355.1,REDX01000195.1_4_A,REDX01000195.1_4,0
GB_GCA_009929215.1,SAAX01000026.1_15_A,SAAX01000026.1_15,0
GB_GCA_013151495.1,JAADIE010000098.1_24_A,JAADIE010000098.1_24,0
GB_GCA_013334925.1,JAAXWP010000011.1_23_A,JAAXWP010000011.1_23,0
GB_GCA_015233365.1,JADFXU010000038.1_5_A,JADFXU010000038.1_5,0
GB_GCA_015654615.1,JAATGN010000040.1_14_A,JAATGN010000040.1_14,0
GB_GCA_016195565.1,JACPZK010000022.1_56_A,JACPZK010000022.1_56,0
GB_GCA_016281385.1,JAEEIN010000005.1_5_B,JAEEIN010000005.1_5,0
GB_GCA_016841045.1,JAENZX010000017.1_78_A,JAENZX010000017.1_78,0
GB_GCA_017412115.1,JAFPYR010000059.1_3_A,JAFPYR010000059.1_3,0
GB_GCA_017513085.1,JAFWDK010000010.1_22_A,JAFWDK010000010.1_22,0
GB_GCA_017651345.1,JAGCDD010000468.1_4_A,JAGCDD010000468.1_4,0
GB_GCA_017889675.1,JAGGAA010000357.1_2_A,JAGGAA010000357.1_2,0
GB_GCA_018262505.1,JAGSYV010000023.1_35_A,JAGSYV010000023.1_35,0
GB_GCA_019421365.1,JAHZFJ010000023.1_21_A,JAHZFJ010000023.1_21,0
GB_GCA_021286935.1,JAJTBI010000001.1_32_A,JAJTBI010000001.1_32,0
GB_GCA_021783135.1,JAJXUE010000011.1_27_A,JAJXUE010000011.1_27,0
GB_GCA_022378355.1,JAKMAJ010000002.1_87_A,JAKMAJ010000002.1_87,0
GB_GCA_023387635.1,JAEWHU010000308.1_5_A,JAEWHU010000308.1_5,0
GB_GCA_023391695.1,JAEWAK010000027.1_150_A,JAEWAK010000027.1_150,0
GB_GCA_023397475.1,JAEWUD010000027.1_90_A,JAEWUD010000027.1_90,0
GB_GCA_023398615.1,JAEWSD010000222.1_5_A,JAEWSD010000222.1_5,0
GB_GCA_023407575.1,JAEYLX010000019.1_65_A,JAEYLX010000019.1_65,0
GB_GCA_023409435.1,JAEYHP010000168.1_20_A,JAEYHP010000168.1_20,0
GB_GCA_023412005.1,JAEYOE010000012.1_188_A,JAEYOE010000012.1_188,0
GB_GCA_023415525.1,JAEZKI010000097.1_8_A,JAEZKI010000097.1_8,0
GB_GCA_023420935.1,JAEZUR010000049.1_11_A,JAEZUR010000049.1_11,0
GB_GCA_023428885.1,JAEYWQ010000039.1_11_A,JAEYWQ010000039.1_11,0
GB_GCA_023435895.1,JAEZLH010000010.1_104_A,JAEZLH010000010.1_104,0
GB_GCA_023441145.1,JAEZQN010000393.1_7_A,JAEZQN010000393.1_7,0
GB_GCA_023475565.1,JAMCVT010000110.1_40_A,JAMCVT010000110.1_40,0
GB_GCA_026390855.1,JAPLFE010000079.1_30_A,JAPLFE010000079.1_30,0
GB_GCA_028683595.1,JAQUHM010000122.1_6_A,JAQUHM010000122.1_6,0
GB_GCA_029266295.1,JAQSXD010000115.1_8_A,JAQSXD010000115.1_8,0
GB_GCA_030156895.1,JASGLP010000001.1_158_A,JASGLP010000001.1_158,0
GB_GCA_031259505.1,JAIRLL010000343.1_5_A,JAIRLL010000343.1_5,0
GB_GCA_031261745.1,JAISJC010000003.1_44_A,JAISJC010000003.1_44,0
GB_GCA_031270605.1,JAISXG010000037.1_13_A,JAISXG010000037.1_13,0
GB_GCA_031272715.1,JAISTH010000073.1_80_A,JAISTH010000073.1_80,0
GB_GCA_031274195.1,JAISQM010000041.1_7_A,JAISQM010000041.1_7,0
GB_GCA_031276635.1,JAISMU010000131.1_17_A,JAISMU010000131.1_17,0
GB_GCA_031278225.1,JAITKT010000008.1_2_A,JAITKT010000008.1_2,0
GB_GCA_031280635.1,JAITGK010000057.1_3_A,JAITGK010000057.1_3,0
GB_GCA_031282925.1,JAITCT010000152.1_3_A,JAITCT010000152.1_3,0
GB_GCA_031288745.1,JAITQT010000033.1_1_A,JAITQT010000033.1_1,0
GB_GCA_031289815.1,JAITOS010000079.1_2_A,JAITOS010000079.1_2,0
GB_GCA_031292275.1,JARLHL010000048.1_4_A,JARLHL010000048.1_4,0
GB_GCA_031555415.1,JAVBUL010000046.1_2_A,JAVBUL010000046.1_2,0
GB_GCA_034933685.1,JAYFNB010000011.1_77_A,JAYFNB010000011.1_77,0
GB_GCA_035560815.1,DATMYR010000045.1_44_A,DATMYR010000045.1_44,0
GB_GCA_035873375.1,JAYWMQ010000048.1_42_A,JAYWMQ010000048.1_42,0
GB_GCA_036722275.1,DAIMJJ010000245.1_4_A,DAIMJJ010000245.1_4,0
GB_GCA_037441185.1,JBBISP010000025.1_24_A,JBBISP010000025.1_24,0
GB_GCA_040208185.1,CP157947.1_5782_A,CP157947.1_5782,0
GB_GCA_040758255.1,JBFLVX010000128.1_2_A,JBFLVX010000128.1_2,0
GB_GCA_041390365.1,JAWKQB010000002.1_805_A,JAWKQB010000002.1_805,0
GB_GCA_041821265.1,JBGUEQ010000052.1_33_A,JBGUEQ010000052.1_33,0
GB_GCA_046533095.1,JAJQRA010000025.1_5_A,JAJQRA010000025.1_5,0
GB_GCA_047600785.1,JASGKH010000002.1_2124_A,JASGKH010000002.1_2124,0
GB_GCA_047605765.1,JASGFB010000143.1_6_A,JASGFB010000143.1_6,0
GB_GCA_047975025.1,JBKECY010000069.1_42_A,JBKECY010000069.1_42,0
GB_GCA_049366715.1,JBMNCQ010000068.1_8_A,JBMNCQ010000068.1_8,0
GB_GCA_050049665.1,JASFVU010000112.1_1_A,JASFVU010000112.1_1,0
GB_GCA_050263495.1,JBLNFG010000686.1_2_B,JBLNFG010000686.1_2,0
GB_GCA_052445935.1,JBQTCH010000003.1_470_A,JBQTCH010000003.1_470,0
GB_GCA_900543345.1,UQRJ01000120.1_3_A,UQRJ01000120.1_3,0
GB_GCA_902782695.1,CACZOE010000097.1_1_A,CACZOE010000097.1_1,0
GB_GCA_903902345.1,CAIUUR010000323.1_7_A,CAIUUR010000323.1_7,0
GB_GCA_919903585.1,CAKKST010000393.1_5_A,CAKKST010000393.1_5,0
GB_GCA_945948775.1,CAMFCK010000147.1_4_A,CAMFCK010000147.1_4,0
GB_GCA_946409405.1,CAMJWL010000117.1_7_A,CAMJWL010000117.1_7,0
GB_GCA_947165785.1,CAMVBS010000024.1_14_A,CAMVBS010000024.1_14,0
GB_GCA_947307175.1,CAMZIK010000142.1_5_A,CAMZIK010000142.1_5,0
GB_GCA_963519465.1,CAUQMY010000008.1_199_A,CAUQMY010000008.1_199,0
GB_GCA_963662365.2,CAXXPA010000021.1_20_A,CAXXPA010000021.1_20,0
GB_GCA_963665865.2,CAXXWF010000001.1_2260_A,CAXXWF010000001.1_2260,0
GB_GCA_963675515.1,OY776328.1_398_A,OY776328.1_398,0
GB_GCA_963676955.1,OY781461.1_2308_A,OY781461.1_2308,0
GB_GCA_963678265.1,OY782761.1_2309_A,OY782761.1_2309,0
GB_GCA_963757945.1,CAVWTN010000002.1_144_A,CAVWTN010000002.1_144,0
GB_GCA_963810975.1,CAWEPN010000004.1_81_A,CAWEPN010000004.1_81,0
GB_GCA_964391545.1,CAYMMR010000021.1_12_A,CAYMMR010000021.1_12,0
GB_GCA_964414835.1,CAYPWY010000041.1_8_A,CAYPWY010000041.1_8,0
GB_GCA_964442605.1,CAYTZR010000051.1_4_A,CAYTZR010000051.1_4,0
GB_GCA_964475485.1,CAYYWY010000006.1_7_A,CAYYWY010000006.1_7,0
GB_GCA_964515925.1,CAZEYP010000052.1_3_A,CAZEYP010000052.1_3,0
GB_GCA_964543575.1,CAZIYV010000086.1_7_A,CAZIYV010000086.1_7,0
GB_GCA_964584415.1,CAZOZX010000138.1_4_A,CAZOZX010000138.1_4,0
GB_GCA_964614465.1,CAZTLF010000055.1_5_A,CAZTLF010000055.1_5,0
GB_GCA_964644275.1,CAZXVI010000037.1_5_A,CAZXVI010000037.1_5,0
RS_GCF_000013085.1,NC_007643.1_1425_A,NC_007643.1_1425,0
RS_GCF_000024205.1,NC_013216.1_995_A,NC_013216.1_995,0
RS_GCF_000178835.2,NC_015275.1_455_A,NC_015275.1_455,0
RS_GCF_000224065.1,NZ_AFWT01000026.1_12_A,NZ_AFWT01000026.1_12,0
RS_GCF_000247605.1,NC_016894.1_802_A,NC_016894.1_802,0
RS_GCF_000297095.1,NZ_AEEA01000019.1_87_A,NZ_AEEA01000019.1_87,0
RS_GCF_000350485.1,NZ_AORV01000040.1_12_A,NZ_AORV01000040.1_12,0
RS_GCF_000400505.1,NZ_CM001857.1_2656_A,NZ_CM001857.1_2656,0
RS_GCF_000472285.1,NZ_KI421420.1_78_A,NZ_KI421420.1_78,0
RS_GCF_000577895.1,NZ_HG917869.1_433_A,NZ_HG917869.1_433,0
RS_GCF_000686125.1,NZ_JMMA01000002.1_734_A,NZ_JMMA01000002.1_734,0
RS_GCF_000758685.1,NZ_CP009286.1_3308_A,NZ_CP009286.1_3308,0
RS_GCF_001027545.1,NZ_CP009498.1_689_A,NZ_CP009498.1_689,0
RS_GCF_001571105.1,NZ_BCTD01000006.1_72_A,NZ_BCTD01000006.1_72,0
RS_GCF_001742305.1,NZ_MJAT01000037.1_137_A,NZ_MJAT01000037.1_137,0
RS_GCF_002006345.1,NZ_LZZM01000215.1_8_A,NZ_LZZM01000215.1_8,0
RS_GCF_002245985.1,NZ_NOLK01000003.1_9_A,NZ_NOLK01000003.1_9,0
RS_GCF_002845745.1,NZ_PIUM01000009.1_76_A,NZ_PIUM01000009.1_76,0
RS_GCF_003115845.1,NZ_KZ819024.1_90_A,NZ_KZ819024.1_90,0
RS_GCF_003363435.1,NZ_QRCT01000034.1_285_A,NZ_QRCT01000034.1_285,0
RS_GCF_003992725.1,NZ_RZNF01000004.1_68_A,NZ_RZNF01000004.1_68,0
RS_GCF_004801255.1,NZ_CP036295.1_1109_A,NZ_CP036295.1_1109,0
RS_GCF_007115105.1,NZ_SULJ01000002.1_36_A,NZ_SULJ01000002.1_36,0
RS_GCF_008086615.1,NZ_RXYB01000019.1_38_A,NZ_RXYB01000019.1_38,0
RS_GCF_009712225.1,NZ_WASP01000006.1_122_A,NZ_WASP01000006.1_122,0
RS_GCF_011758645.1,NZ_JAAMOZ010000001.1_2433_A,NZ_JAAMOZ010000001.1_2433,0
RS_GCF_014201835.1,NZ_JACHFH010000040.1_17_A,NZ_JACHFH010000040.1_17,0
RS_GCF_015243575.1,NZ_CP042469.1_3320_A,NZ_CP042469.1_3320,0
RS_GCF_017084465.1,NZ_CP070896.1_4880_A,NZ_CP070896.1_4880,0
RS_GCF_018619435.1,NZ_JAHFZF010000004.1_79_A,NZ_JAHFZF010000004.1_79,0
RS_GCF_018966525.1,NZ_CP076607.1_4350_A,NZ_CP076607.1_4350,0
RS_GCF_019977655.1,NZ_AP024849.1_3486_A,NZ_AP024849.1_3486,0
RS_GCF_021372645.1,NZ_JAJFUC010000052.1_34_A,NZ_JAJFUC010000052.1_34,0
RS_GCF_024125445.1,NZ_JAMXWM010000003.1_142_A,NZ_JAMXWM010000003.1_142,0
RS_GCF_026650985.1,NZ_CP086239.1_2413_A,NZ_CP086239.1_2413,0
RS_GCF_030247655.1,NZ_JAOTRZ010000098.1_12_A,NZ_JAOTRZ010000098.1_12,0
RS_GCF_031291415.1,NZ_JARLJB010000007.1_55_A,NZ_JARLJB010000007.1_55,0
RS_GCF_032393985.1,NZ_CP135918.1_1706_A,NZ_CP135918.1_1706,0
RS_GCF_036016195.1,NZ_JAYWTM010000022.1_68_A,NZ_JAYWTM010000022.1_68,0
RS_GCF_036758025.1,NZ_DAIOXM010000004.1_121_A,NZ_DAIOXM010000004.1_121,0
RS_GCF_040939125.1,NZ_CP162495.1_1839_A,NZ_CP162495.1_1839,0
RS_GCF_042432815.1,NZ_JBHLWM010000001.1_36_A,NZ_JBHLWM010000001.1_36,0
RS_GCF_042683125.1,NZ_JBHUIY010000001.1_93_A,NZ_JBHUIY010000001.1_93,0
RS_GCF_046972725.1,NZ_JBKVXF010000001.1_1501_A,NZ_JBKVXF010000001.1_1501,0
RS_GCF_047607245.1,NZ_JASGDK010000111.1_14_A,NZ_JASGDK010000111.1_14,0
RS_GCF_047718555.1,NZ_JBDNRK010000027.1_26_A,NZ_JBDNRK010000027.1_26,0
RS_GCF_049890855.1,NZ_JBANEW010000027.1_224_A,NZ_JBANEW010000027.1_224,0
RS_GCF_900108475.1,NZ_FNWO01000003.1_263_A,NZ_FNWO01000003.1_263,0
RS_GCF_900114615.1,NZ_FOTS01000010.1_96_A,NZ_FOTS01000010.1_96,0
RS_GCF_900141895.1,NZ_FQYT01000018.1_53_A,NZ_FQYT01000018.1_53,0
RS_GCF_900162725.1,NZ_LT799418.1_3671_A,NZ_LT799418.1_3671,0
RS_GCF_900476375.1,NZ_UPPP01000074.1_51_A,NZ_UPPP01000074.1_51,0
RS_GCF_963668665.2,NZ_CAXXLU010000002.1_1499_A,NZ_CAXXLU010000002.1_1499,0
