,G61,C62,G84,C88,C154,Q191,H195,C275,G348,K349,K433,H442,hit,contig,score
WP_052570612.1,G,C,G,C,C,W,F,C,G,K,K,G,proavitum],,31.0
GB_GCA_000309865.1,S,C,G,C,C,K,H,C,G,K,K,N,AMGN01000049.1_7_A,AMGN01000049.1_7,31.0
GB_GCA_019561555.1,L,C,S,C,C,Q,H,C,G,K,K,R,JAHEQB010000047.1_6_A,JAHEQB010000047.1_6,30.0
GB_GCA_963704695.1,T,C,G,C,C,K,H,C,G,K,K,N,OY969932.1_1033_A,OY969932.1_1033,31.0
RS_GCF_000017185.1,S,C,S,C,C,Q,H,C,G,K,K,R,NC_009635.1_1443_A,NC_009635.1_1443,30.0
GB_GCA_000961655.1,G,C,G,C,C,Q,H,C,G,K,K,H,LADR01000085.1_8_A,LADR01000085.1_8,36.0
GB_GCA_002294045.1,T,C,A,C,C,W,F,C,G,F,K,A,DBEP01000075.1_50_A,DBEP01000075.1_50,26.0
GB_GCA_002387725.1,G,C,G,C,C,Q,H,C,G,K,K,H,DGKK01000015.1_33_A,DGKK01000015.1_33,36.0
GB_GCA_002842435.1,G,C,G,C,C,K,N,C,G,K,K,N,PHCX01000007.1_14_A,PHCX01000007.1_14,31.0
GB_GCA_003520145.1,Q,C,S,C,C,C,F,C,G,K,K,L,DOVJ01000049.1_5_A,DOVJ01000049.1_5,27.0
GB_GCA_013823635.1,G,C,G,C,C,K,N,C,G,K,K,N,PNML01000059.1_29_A,PNML01000059.1_29,31.0
GB_GCA_015655215.1,Q,C,A,C,C,C,F,C,G,K,F,L,JAATFL010000018.1_3_A,JAATFL010000018.1_3,26.0
GB_GCA_016938735.1,G,C,G,C,C,Q,H,C,G,K,K,H,JAFGUB010000052.1_113_A,JAFGUB010000052.1_113,36.0
GB_GCA_021781535.1,S,C,G,C,C,K,N,C,G,K,K,N,JAJXWO010000001.1_145_A,JAJXWO010000001.1_145,29.0
GB_GCA_021848385.1,G,C,G,C,C,Q,H,C,G,K,K,H,JAJZUQ010000049.1_9_A,JAJZUQ010000049.1_9,36.0
GB_GCA_023391425.1,A,C,G,C,C,K,Y,C,G,K,K,N,JAEWAX010000133.1_75_A,JAEWAX010000133.1_75,29.0
GB_GCA_023413605.1,G,C,G,C,C,K,N,C,G,K,K,N,JAEZPL010000831.1_3_A,JAEZPL010000831.1_3,31.0
GB_GCA_026416815.1,I,C,G,C,C,W,Y,C,G,K,K,Y,JAOAEJ010000087.1_39_A,JAOAEJ010000087.1_39,29.0
GB_GCA_030156255.1,G,C,G,C,C,Q,H,C,G,K,K,H,JASGMV010000030.1_21_A,JASGMV010000030.1_21,36.0
GB_GCA_030834765.1,G,C,A,C,C,W,F,C,G,K,K,G,JAUQXG010000319.1_10_A,JAUQXG010000319.1_10,29.0
GB_GCA_031281925.1,S,C,A,C,C,W,F,C,G,K,K,G,JAITES010000030.1_7_A,JAITES010000030.1_7,27.0
GB_GCA_031379725.1,G,C,G,C,C,K,N,C,D,K,K,N,JANNFJ010001317.1_2_A,JANNFJ010001317.1_2,30.0
GB_GCA_034189505.1,G,C,G,C,C,Q,H,C,G,K,K,H,JAXHUR010000016.1_17_A,JAXHUR010000016.1_17,36.0
GB_GCA_036561025.1,G,C,G,C,C,Q,H,C,G,K,K,H,DATBQB010000070.1_15_A,DATBQB010000070.1_15,36.0
GB_GCA_040307025.1,A,C,G,C,C,K,Y,C,G,K,K,N,JAWRKJ010000021.1_7_A,JAWRKJ010000021.1_7,29.0
GB_GCA_041546475.1,G,C,G,C,C,K,S,C,G,K,K,N,JBFEWI010000045.1_7_A,JBFEWI010000045.1_7,31.0
GB_GCA_041915065.1,G,C,G,C,C,K,N,C,G,K,-,-,JAYSCC010000331.1_3_A,JAYSCC010000331.1_3,28.0
GB_GCA_045046665.1,A,C,G,C,C,K,Y,C,G,K,K,N,JASFYZ010000261.1_3_A,JASFYZ010000261.1_3,29.0
GB_GCA_046705065.1,G,C,G,C,C,Q,H,C,G,K,K,H,JBJKQT010000061.1_17_A,JBJKQT010000061.1_17,36.0
GB_GCA_049509275.1,A,C,G,C,C,K,Y,C,G,K,K,N,JBELAB010000069.1_2_A,JBELAB010000069.1_2,29.0
GB_GCA_050252135.1,A,C,G,C,C,K,Y,C,G,K,K,N,JBFWLN010000004.1_166_A,JBFWLN010000004.1_166,29.0
GB_GCA_051061015.1,G,C,G,C,C,K,N,C,G,K,K,N,JBPFEG010000017.1_142_A,JBPFEG010000017.1_142,31.0
GB_GCA_900466005.1,G,C,A,C,C,K,N,C,G,K,K,N,UEGQ01000002.1_60_A,UEGQ01000002.1_60,29.0
GB_GCA_903861045.1,G,C,G,C,C,Q,H,C,G,K,K,H,CAIOST010000287.1_8_A,CAIOST010000287.1_8,36.0
GB_GCA_903928965.1,G,C,G,C,C,K,N,C,G,K,K,N,CAIYSZ010000104.1_27_A,CAIYSZ010000104.1_27,31.0
GB_GCA_937864365.1,G,C,G,C,C,K,N,C,G,K,K,N,CALMJT010000136.1_13_A,CALMJT010000136.1_13,31.0
GB_GCA_943369575.1,G,C,G,C,C,Q,H,C,G,K,K,H,CALRNP020000052.1_2_A,CALRNP020000052.1_2,36.0
GB_GCA_947085875.1,G,C,G,C,C,Q,H,C,G,K,K,H,CAMTYG010000179.1_8_A,CAMTYG010000179.1_8,36.0
GB_GCA_963666685.2,G,C,G,C,C,Q,H,C,G,K,K,H,CAXXHZ010000003.1_140_A,CAXXHZ010000003.1_140,36.0
GB_GCA_963678185.1,G,C,G,C,C,K,N,C,G,K,K,N,OY782757.1_3077_A,OY782757.1_3077,31.0
GB_GCA_963735155.1,A,C,G,C,C,K,Y,C,G,K,K,N,CAVTJU010000011.1_198_A,CAVTJU010000011.1_198,29.0
GB_GCA_963780775.1,A,C,G,C,C,K,Y,C,G,K,K,N,CAWADO010000001.1_38_A,CAWADO010000001.1_38,29.0
GB_GCA_963828255.1,G,C,G,C,C,Q,H,C,G,K,K,H,CAWHDZ010000034.1_90_A,CAWHDZ010000034.1_90,36.0
GB_GCA_964430315.1,A,C,G,C,C,K,Y,C,G,R,K,N,CAYSGY010000027.1_8_A,CAYSGY010000027.1_8,28.0
GB_GCA_964543575.1,A,C,G,C,C,K,Y,C,G,K,K,N,CAZIYV010000086.1_11_A,CAZIYV010000086.1_11,29.0
GB_GCA_964609825.1,G,C,G,C,C,Q,H,C,G,K,K,H,CAZSSH010000003.1_20_A,CAZSSH010000003.1_20,36.0
GB_GCA_964658145.1,G,C,G,C,C,Q,H,C,G,K,K,H,CAZZYE010000717.1_2_A,CAZZYE010000717.1_2,36.0
RS_GCF_000284255.1,G,C,G,C,C,Q,H,C,G,K,K,H,NC_017075.1_4175_A,NC_017075.1_4175,36.0
RS_GCF_000526495.1,G,C,C,C,C,N,H,S,P,S,K,G,NZ_JAGE01000002.1_446_A,NZ_JAGE01000002.1_446,26.0
RS_GCF_001908375.1,G,C,G,C,C,Q,H,C,G,K,K,H,NZ_CP017243.1_260_A,NZ_CP017243.1_260,36.0
RS_GCF_003837805.1,G,C,G,C,C,K,N,C,G,K,K,N,NZ_RQIT01000031.1_36_A,NZ_RQIT01000031.1_36,31.0
RS_GCF_004342165.1,A,C,G,C,C,K,Y,C,G,K,K,N,NZ_SMAL01000003.1_7_A,NZ_SMAL01000003.1_7,29.0
RS_GCF_007830295.1,G,C,G,C,C,V,Y,C,G,K,K,F,NZ_VLKC01000002.1_2735_A,NZ_VLKC01000002.1_2735,31.0
RS_GCF_013340205.1,S,C,G,C,C,K,N,C,G,K,K,N,NZ_BJTG01000009.1_203_A,NZ_BJTG01000009.1_203,29.0
RS_GCF_014672695.1,G,C,G,C,C,Q,H,C,G,K,K,H,NZ_CP053923.1_2840_A,NZ_CP053923.1_2840,36.0
RS_GCF_018966525.1,G,C,G,C,C,S,R,C,G,K,K,G,NZ_CP076607.1_2894_A,NZ_CP076607.1_2894,31.0
RS_GCF_021043395.1,G,C,G,C,C,Q,H,C,G,K,K,H,NZ_JAJNKE010000065.1_4_A,NZ_JAJNKE010000065.1_4,36.0
RS_GCF_023150065.1,G,C,G,C,C,Q,H,C,G,K,K,H,NZ_JAKLLN010000005.1_95_A,NZ_JAKLLN010000005.1_95,36.0
RS_GCF_025962655.1,G,C,G,C,C,Q,H,C,G,K,K,H,NZ_JAGFPE010000009.1_76_A,NZ_JAGFPE010000009.1_76,36.0
RS_GCF_040318115.1,G,C,G,C,C,Q,H,C,G,R,K,H,NZ_JAMYLQ010000010.1_82_A,NZ_JAMYLQ010000010.1_82,35.0
RS_GCF_900109175.1,G,C,G,C,C,Q,H,C,G,K,K,H,NZ_FNZE01000018.1_40_A,NZ_FNZE01000018.1_40,36.0
reference,G,C,G,C,C,Q,H,C,G,K,K,H,nifD,,36.0
RS_GCF_000179635.2,G,C,G,C,C,W,F,C,G,K,K,G,nifD,,31.0
GB_GCA_049301735.1,G,C,G,C,C,Q,H,C,G,K,K,H,JBAQLI010000086.1_15_A,JBAQLI010000086.1_15,36.0
GB_GCA_964418105.1,A,C,G,C,C,K,Y,C,G,K,K,N,CAYQKI010000021.1_24_A,CAYQKI010000021.1_24,29.0
RS_GCF_002496565.1,M,C,G,C,C,F,Y,C,G,K,R,M,NZ_DAKJ01000018.1_494_A,NZ_DAKJ01000018.1_494,28.0
GB_GCA_002441265.1,-,C,S,C,C,W,W,C,G,K,R,H,DJVQ01000069.1_7_A,DJVQ01000069.1_7,27.0
GB_GCA_003158415.1,G,C,G,C,C,Q,H,C,G,K,K,H,PMJA01000331.1_12_A,PMJA01000331.1_12,36.0
GB_GCA_004297765.1,V,C,G,C,C,H,F,S,G,K,Q,H,SCTZ01000199.1_16_A,SCTZ01000199.1_16,27.0
GB_GCA_015231435.1,G,C,G,C,C,Q,H,C,G,K,K,H,JADGBN010000039.1_22_A,JADGBN010000039.1_22,36.0
GB_GCA_019359695.1,N,C,G,C,C,K,N,C,G,K,K,N,JAHHGV010000078.1_3_A,JAHHGV010000078.1_3,29.0
GB_GCA_020974905.1,A,C,G,C,C,K,Y,C,G,K,K,N,CP087563.1_4215_A,CP087563.1_4215,29.0
GB_GCA_021804355.1,G,C,G,C,C,Q,H,C,G,K,K,H,JAJZHP010000094.1_5_A,JAJZHP010000094.1_5,36.0
GB_GCA_023142805.1,G,C,G,C,C,Q,H,C,D,K,K,H,JAGLIU010000205.1_7_A,JAGLIU010000205.1_7,35.0
GB_GCA_023426125.1,G,C,G,C,C,Q,H,C,G,K,K,H,JAFABI010000007.1_20_A,JAFABI010000007.1_20,36.0
GB_GCA_028692415.1,A,C,G,C,C,K,Y,C,G,K,K,N,JAQUXM010000024.1_10_A,JAQUXM010000024.1_10,29.0
GB_GCA_029859485.1,G,C,G,C,C,K,S,C,G,K,K,N,JAOUDB010000193.1_3_A,JAOUDB010000193.1_3,31.0
GB_GCA_030653975.1,G,C,G,C,C,Q,H,C,G,K,K,H,JAURYH010000021.1_60_A,JAURYH010000021.1_60,36.0
GB_GCA_031275405.1,S,C,A,C,C,V,Y,C,G,K,K,F,JAISOV010000004.1_7_A,JAISOV010000004.1_7,27.0
GB_GCA_031289775.1,G,C,G,C,C,W,F,C,G,K,K,G,JAITOY010000057.1_20_A,JAITOY010000057.1_20,31.0
GB_GCA_031732935.1,G,C,G,C,C,K,N,C,G,K,K,N,JAVMKH010000164.1_6_A,JAVMKH010000164.1_6,31.0
GB_GCA_035873205.1,G,C,G,C,C,K,N,C,G,K,-,-,JAYWMN010000002.1_3_A,JAYWMN010000002.1_3,28.0
GB_GCA_040755955.1,L,C,G,C,C,H,F,G,D,K,K,H,JBFMAA010000002.1_77_A,JBFMAA010000002.1_77,27.0
GB_GCA_041669965.1,A,C,G,C,C,K,Y,C,G,R,K,N,JBAYAD010000010.1_3_A,JBAYAD010000010.1_3,28.0
GB_GCA_043826925.1,G,C,G,C,C,K,N,C,G,K,K,N,JBDRPN010000066.1_26_A,JBDRPN010000066.1_26,31.0
GB_GCA_048820955.1,G,C,G,C,C,Q,H,C,G,K,K,H,JBMERE010000007.1_138_A,JBMERE010000007.1_138,36.0
GB_GCA_049799335.1,G,C,G,C,C,Q,H,C,G,K,K,H,JBARHR010000103.1_3_A,JBARHR010000103.1_3,36.0
GB_GCA_050296935.1,G,C,G,C,C,Q,H,C,G,K,K,H,JBNKRV010000310.1_2_A,JBNKRV010000310.1_2,36.0
GB_GCA_052145975.1,G,C,G,C,C,Q,H,C,G,K,K,H,JBKQNN010000478.1_6_A,JBKQNN010000478.1_6,36.0
GB_GCA_903899865.1,G,C,G,C,C,Q,H,C,G,K,K,H,CAIUKZ010000157.1_5_A,CAIUKZ010000157.1_5,36.0
GB_GCA_905236365.1,S,C,S,C,C,W,F,C,G,K,H,G,CAJOPP010000252.1_8_A,CAJOPP010000252.1_8,26.0
GB_GCA_937935075.1,G,C,G,C,C,Q,H,C,G,K,K,H,CALGYB010000010.1_19_A,CALGYB010000010.1_19,36.0
GB_GCA_945916025.1,G,C,A,C,C,W,F,C,G,K,K,G,CAMEGD010000083.1_3_A,CAMEGD010000083.1_3,29.0
GB_GCA_963662595.1,A,C,G,C,C,K,Y,C,G,K,K,N,OY759748.1_2586_A,OY759748.1_2586,29.0
GB_GCA_963676345.2,G,C,G,C,C,Q,H,C,G,K,K,H,CAXXTS010000005.1_35_A,CAXXTS010000005.1_35,36.0
GB_GCA_963756335.1,G,C,G,C,C,K,N,C,G,K,K,D,CAVWOB010000019.1_6_A,CAVWOB010000019.1_6,31.0
GB_GCA_964403345.1,G,C,G,C,C,Q,H,C,G,K,K,H,CAYOGU010000043.1_4_A,CAYOGU010000043.1_4,36.0
GB_GCA_964632505.1,A,C,G,C,C,K,Y,C,G,K,K,N,CAZWCE010000004.1_105_A,CAZWCE010000004.1_105,29.0
RS_GCF_000217795.1,-,-,A,C,C,Q,H,C,G,K,K,H,NC_015681.1_1061_A,NC_015681.1_1061,27.0
RS_GCF_000340565.2,G,C,G,C,C,Q,H,C,G,K,K,H,NZ_CP007203.1_3608_A,NZ_CP007203.1_3608,36.0
RS_GCF_000430625.1,G,C,G,C,C,Q,H,C,G,K,K,H,NZ_KE387171.1_234_A,NZ_KE387171.1_234,36.0
RS_GCF_001693515.2,G,C,G,C,C,Q,H,C,G,K,K,H,NZ_CP042968.1_5136_A,NZ_CP042968.1_5136,36.0
RS_GCF_002162315.1,G,C,G,C,C,Q,H,C,G,V,K,H,NZ_CP021416.1_1689_A,NZ_CP021416.1_1689,35.0
RS_GCF_002904165.1,G,C,G,C,C,W,F,C,G,K,K,G,NZ_CVTD020000028.1_52_A,NZ_CVTD020000028.1_52,31.0
RS_GCF_003289945.1,G,C,G,C,C,Q,H,C,G,N,K,H,NZ_QMBP01000030.1_32_A,NZ_QMBP01000030.1_32,35.0
RS_GCF_005402965.1,G,C,G,C,C,K,N,C,G,K,K,N,NZ_BJCF01000030.1_43_A,NZ_BJCF01000030.1_43,31.0
RS_GCF_018324385.1,G,C,G,C,C,K,N,C,G,K,K,N,NZ_AP019536.1_1077_A,NZ_AP019536.1_1077,31.0
RS_GCF_020144665.1,G,C,G,C,C,Q,H,C,G,K,K,H,NZ_JAAHBQ010000054.1_21_A,NZ_JAAHBQ010000054.1_21,36.0
RS_GCF_024505055.1,G,C,G,C,C,K,N,C,G,K,K,N,NZ_JANIBL010000036.1_43_A,NZ_JANIBL010000036.1_43,31.0
RS_GCF_030534315.2,G,C,G,C,C,Q,H,C,G,K,K,H,NZ_CP130558.2_2637_A,NZ_CP130558.2_2637,36.0
RS_GCF_038024855.1,G,C,G,C,C,K,N,C,G,K,K,N,NZ_CP139089.1_1953_A,NZ_CP139089.1_1953,31.0
RS_GCF_045310515.1,G,C,G,C,C,Q,H,C,G,K,K,H,NZ_JBJHZX010000007.1_42_A,NZ_JBJHZX010000007.1_42,36.0
RS_GCF_048612815.1,A,C,G,C,C,K,Y,C,G,K,K,N,NZ_JBLZNE010000003.1_84_A,NZ_JBLZNE010000003.1_84,29.0
RS_GCF_900089945.1,G,C,G,C,C,Q,H,C,G,K,K,H,NZ_FLQY01000050.1_17_A,NZ_FLQY01000050.1_17,36.0
RS_GCF_900659865.1,G,C,G,C,C,K,N,C,D,K,K,N,NZ_LR213770.1_11_A,NZ_LR213770.1_11,30.0
RS_GCF_963677005.1,G,C,G,C,C,Q,H,C,G,K,K,H,NZ_OY781616.1_3162_A,NZ_OY781616.1_3162,36.0
