GenomeID,Gene,Hit,E-value,Bit Score,Bias,Domain Start,Domain End,Location,Orientation,Flag_Bias,contig,pos_num,operon,GTDB
RS_GCF_021023085.1,anfO,NZ_PGCK01000003.1_103_A,3e-48,161.3,0.0,2,208,101335-101961,-1,0,NZ_PGCK01000003.1,103,1,d__Archaea;p__Halobacteriota;c__Methanocellia;o__Methanocellales;f__Methanocellaceae;g__PGCK01;s__PGCK01 sp021023085
RS_GCF_021023085.1,nifK,NZ_PGCK01000003.1_105_A,2.3e-112,373.6,0.0,1,452,102297-103694,-1,0,NZ_PGCK01000003.1,105,1,d__Archaea;p__Halobacteriota;c__Methanocellia;o__Methanocellales;f__Methanocellaceae;g__PGCK01;s__PGCK01 sp021023085
RS_GCF_021023085.1,nifD,NZ_PGCK01000003.1_105_A,6.8e-14,48.5,0.2,7,198,102297-103694,-1,0,NZ_PGCK01000003.1,105,1,d__Archaea;p__Halobacteriota;c__Methanocellia;o__Methanocellales;f__Methanocellaceae;g__PGCK01;s__PGCK01 sp021023085
RS_GCF_021023085.1,pchlide,NZ_PGCK01000003.1_105_A,1.4e-10,37.9,0.0,18,436,102297-103694,-1,0,NZ_PGCK01000003.1,105,1,d__Archaea;p__Halobacteriota;c__Methanocellia;o__Methanocellales;f__Methanocellaceae;g__PGCK01;s__PGCK01 sp021023085
RS_GCF_021023085.1,nifNB,NZ_PGCK01000003.1_105_A,7.7e-149,494.8,0.0,3,464,102297-103694,-1,0,NZ_PGCK01000003.1,105,1,d__Archaea;p__Halobacteriota;c__Methanocellia;o__Methanocellales;f__Methanocellaceae;g__PGCK01;s__PGCK01 sp021023085
RS_GCF_021023085.1,nifN,NZ_PGCK01000003.1_105_A,3.1e-149,496.0,0.0,0,464,102297-103694,-1,0,NZ_PGCK01000003.1,105,1,d__Archaea;p__Halobacteriota;c__Methanocellia;o__Methanocellales;f__Methanocellaceae;g__PGCK01;s__PGCK01 sp021023085
RS_GCF_021023085.1,nifE,NZ_PGCK01000003.1_105_A,2.1e-34,116.3,0.0,3,464,102297-103694,-1,0,NZ_PGCK01000003.1,105,1,d__Archaea;p__Halobacteriota;c__Methanocellia;o__Methanocellales;f__Methanocellaceae;g__PGCK01;s__PGCK01 sp021023085
RS_GCF_021023085.1,nifK,NZ_PGCK01000003.1_106_A,2.8e-28,96.2,0.1,38,460,103691-105082,-1,0,NZ_PGCK01000003.1,106,1,d__Archaea;p__Halobacteriota;c__Methanocellia;o__Methanocellales;f__Methanocellaceae;g__PGCK01;s__PGCK01 sp021023085
RS_GCF_021023085.1,nifN,NZ_PGCK01000003.1_106_A,2.2e-34,116.4,0.0,34,459,103691-105082,-1,0,NZ_PGCK01000003.1,106,1,d__Archaea;p__Halobacteriota;c__Methanocellia;o__Methanocellales;f__Methanocellaceae;g__PGCK01;s__PGCK01 sp021023085
RS_GCF_021023085.1,nifNB,NZ_PGCK01000003.1_106_A,7.3e-10,34.9,0.0,40,231,103691-105082,-1,0,NZ_PGCK01000003.1,106,1,d__Archaea;p__Halobacteriota;c__Methanocellia;o__Methanocellales;f__Methanocellaceae;g__PGCK01;s__PGCK01 sp021023085
RS_GCF_021023085.1,pchlide,NZ_PGCK01000003.1_106_A,2.7e-24,83.1,0.0,46,446,103691-105082,-1,0,NZ_PGCK01000003.1,106,1,d__Archaea;p__Halobacteriota;c__Methanocellia;o__Methanocellales;f__Methanocellaceae;g__PGCK01;s__PGCK01 sp021023085
RS_GCF_021023085.1,nifE,NZ_PGCK01000003.1_106_A,3.2e-173,574.6,0.2,5,461,103691-105082,-1,0,NZ_PGCK01000003.1,106,1,d__Archaea;p__Halobacteriota;c__Methanocellia;o__Methanocellales;f__Methanocellaceae;g__PGCK01;s__PGCK01 sp021023085
RS_GCF_021023085.1,nifD,NZ_PGCK01000003.1_106_A,3.6e-131,435.3,0.2,6,461,103691-105082,-1,0,NZ_PGCK01000003.1,106,1,d__Archaea;p__Halobacteriota;c__Methanocellia;o__Methanocellales;f__Methanocellaceae;g__PGCK01;s__PGCK01 sp021023085
RS_GCF_021023085.1,nifNB,NZ_PGCK01000003.1_106_B,0.04,9.3,0.2,238,447,103691-105082,-1,0,NZ_PGCK01000003.1,106,1,d__Archaea;p__Halobacteriota;c__Methanocellia;o__Methanocellales;f__Methanocellaceae;g__PGCK01;s__PGCK01 sp021023085
RS_GCF_021023085.1,nifE,NZ_PGCK01000003.1_107_A,1.5e-26,90.4,0.4,3,204,105113-106480,-1,0,NZ_PGCK01000003.1,107,1,d__Archaea;p__Halobacteriota;c__Methanocellia;o__Methanocellales;f__Methanocellaceae;g__PGCK01;s__PGCK01 sp021023085
RS_GCF_021023085.1,nifNB,NZ_PGCK01000003.1_107_A,4.2e-88,293.8,0.0,8,454,105113-106480,-1,0,NZ_PGCK01000003.1,107,1,d__Archaea;p__Halobacteriota;c__Methanocellia;o__Methanocellales;f__Methanocellaceae;g__PGCK01;s__PGCK01 sp021023085
RS_GCF_021023085.1,pchlide,NZ_PGCK01000003.1_107_A,4.4e-22,75.8,0.0,21,440,105113-106480,-1,0,NZ_PGCK01000003.1,107,1,d__Archaea;p__Halobacteriota;c__Methanocellia;o__Methanocellales;f__Methanocellaceae;g__PGCK01;s__PGCK01 sp021023085
RS_GCF_021023085.1,nifN,NZ_PGCK01000003.1_107_A,1.4e-139,464.1,0.0,2,454,105113-106480,-1,0,NZ_PGCK01000003.1,107,1,d__Archaea;p__Halobacteriota;c__Methanocellia;o__Methanocellales;f__Methanocellaceae;g__PGCK01;s__PGCK01 sp021023085
RS_GCF_021023085.1,nifE,NZ_PGCK01000003.1_107_B,7.1e-08,28.8,0.0,213,449,105113-106480,-1,0,NZ_PGCK01000003.1,107,1,d__Archaea;p__Halobacteriota;c__Methanocellia;o__Methanocellales;f__Methanocellaceae;g__PGCK01;s__PGCK01 sp021023085
RS_GCF_021023085.1,nifK,NZ_PGCK01000003.1_107_A,1.1e-183,608.8,0.0,5,455,105113-106480,-1,0,NZ_PGCK01000003.1,107,1,d__Archaea;p__Halobacteriota;c__Methanocellia;o__Methanocellales;f__Methanocellaceae;g__PGCK01;s__PGCK01 sp021023085
RS_GCF_021023085.1,nifD,NZ_PGCK01000003.1_107_A,2.6e-20,69.7,0.0,31,452,105113-106480,-1,0,NZ_PGCK01000003.1,107,1,d__Archaea;p__Halobacteriota;c__Methanocellia;o__Methanocellales;f__Methanocellaceae;g__PGCK01;s__PGCK01 sp021023085
RS_GCF_021023085.1,nifK,NZ_PGCK01000003.1_108_A,3.6e-17,59.6,1.1,8,281,106486-108093,-1,0,NZ_PGCK01000003.1,108,1,d__Archaea;p__Halobacteriota;c__Methanocellia;o__Methanocellales;f__Methanocellaceae;g__PGCK01;s__PGCK01 sp021023085
RS_GCF_021023085.1,nifD,NZ_PGCK01000003.1_108_A,4.7e-202,669.1,1.2,0,535,106486-108093,-1,0,NZ_PGCK01000003.1,108,1,d__Archaea;p__Halobacteriota;c__Methanocellia;o__Methanocellales;f__Methanocellaceae;g__PGCK01;s__PGCK01 sp021023085
RS_GCF_021023085.1,pchlide,NZ_PGCK01000003.1_108_A,2.1e-27,93.4,0.0,52,392,106486-108093,-1,0,NZ_PGCK01000003.1,108,1,d__Archaea;p__Halobacteriota;c__Methanocellia;o__Methanocellales;f__Methanocellaceae;g__PGCK01;s__PGCK01 sp021023085
RS_GCF_021023085.1,nifN,NZ_PGCK01000003.1_108_B,0.03,10.2,0.0,437,528,106486-108093,-1,0,NZ_PGCK01000003.1,108,1,d__Archaea;p__Halobacteriota;c__Methanocellia;o__Methanocellales;f__Methanocellaceae;g__PGCK01;s__PGCK01 sp021023085
RS_GCF_021023085.1,nifE,NZ_PGCK01000003.1_108_B,1.6e-17,60.7,0.0,427,535,106486-108093,-1,0,NZ_PGCK01000003.1,108,1,d__Archaea;p__Halobacteriota;c__Methanocellia;o__Methanocellales;f__Methanocellaceae;g__PGCK01;s__PGCK01 sp021023085
RS_GCF_021023085.1,nifN,NZ_PGCK01000003.1_108_A,1.7e-24,83.7,0.2,50,338,106486-108093,-1,0,NZ_PGCK01000003.1,108,1,d__Archaea;p__Halobacteriota;c__Methanocellia;o__Methanocellales;f__Methanocellaceae;g__PGCK01;s__PGCK01 sp021023085
RS_GCF_021023085.1,pchlide,NZ_PGCK01000003.1_108_B,0.24,7.4,0.0,440,520,106486-108093,-1,0,NZ_PGCK01000003.1,108,1,d__Archaea;p__Halobacteriota;c__Methanocellia;o__Methanocellales;f__Methanocellaceae;g__PGCK01;s__PGCK01 sp021023085
RS_GCF_021023085.1,nifNB,NZ_PGCK01000003.1_108_A,6.5e-13,45.0,0.7,49,277,106486-108093,-1,0,NZ_PGCK01000003.1,108,1,d__Archaea;p__Halobacteriota;c__Methanocellia;o__Methanocellales;f__Methanocellaceae;g__PGCK01;s__PGCK01 sp021023085
RS_GCF_021023085.1,nifK,NZ_PGCK01000003.1_108_C,0.36,6.8,0.0,412,523,106486-108093,-1,0,NZ_PGCK01000003.1,108,1,d__Archaea;p__Halobacteriota;c__Methanocellia;o__Methanocellales;f__Methanocellaceae;g__PGCK01;s__PGCK01 sp021023085
RS_GCF_021023085.1,nifE,NZ_PGCK01000003.1_108_A,7.5e-114,378.6,1.3,0,398,106486-108093,-1,0,NZ_PGCK01000003.1,108,1,d__Archaea;p__Halobacteriota;c__Methanocellia;o__Methanocellales;f__Methanocellaceae;g__PGCK01;s__PGCK01 sp021023085
RS_GCF_021023085.1,nifH,NZ_PGCK01000003.1_111_A,1.4e-142,472.2,0.8,0,274,108895-109719,-1,0,NZ_PGCK01000003.1,111,1,d__Archaea;p__Halobacteriota;c__Methanocellia;o__Methanocellales;f__Methanocellaceae;g__PGCK01;s__PGCK01 sp021023085
RS_GCF_021023085.1,nifH,NZ_PGCK01000003.1_112_A,0.0019,14.9,0.1,0,34,109721-109834,-1,0,NZ_PGCK01000003.1,112,1,d__Archaea;p__Halobacteriota;c__Methanocellia;o__Methanocellales;f__Methanocellaceae;g__PGCK01;s__PGCK01 sp021023085
RS_GCF_021023085.1,nifB,NZ_PGCK01000003.1_126_A,0.00042,16.3,0.1,2,99,122728-123051,1,0,NZ_PGCK01000003.1,126,3,d__Archaea;p__Halobacteriota;c__Methanocellia;o__Methanocellales;f__Methanocellaceae;g__PGCK01;s__PGCK01 sp021023085
RS_GCF_021023085.1,nifNB,NZ_PGCK01000003.1_126_A,0.031,9.6,0.0,0,39,122728-123051,1,0,NZ_PGCK01000003.1,126,3,d__Archaea;p__Halobacteriota;c__Methanocellia;o__Methanocellales;f__Methanocellaceae;g__PGCK01;s__PGCK01 sp021023085
RS_GCF_021023085.1,nifH,NZ_PGCK01000003.1_129_A,5.3e-07,26.5,0.1,0,55,124231-125088,1,0,NZ_PGCK01000003.1,129,3,d__Archaea;p__Halobacteriota;c__Methanocellia;o__Methanocellales;f__Methanocellaceae;g__PGCK01;s__PGCK01 sp021023085
RS_GCF_021023085.1,nifH,NZ_PGCK01000003.1_129_B,16.0,2.0,0.0,209,268,124231-125088,1,0,NZ_PGCK01000003.1,129,3,d__Archaea;p__Halobacteriota;c__Methanocellia;o__Methanocellales;f__Methanocellaceae;g__PGCK01;s__PGCK01 sp021023085
RS_GCF_021023085.1,nifB,NZ_PGCK01000003.1_131_A,0.00011,18.2,0.1,2,102,125972-126301,1,0,NZ_PGCK01000003.1,131,3,d__Archaea;p__Halobacteriota;c__Methanocellia;o__Methanocellales;f__Methanocellaceae;g__PGCK01;s__PGCK01 sp021023085
RS_GCF_021184045.1,nifNB,NZ_CP073710.1_2222_A,0.0054,11.8,0.0,0,103,2356760-2357140,-1,0,NZ_CP073710.1,2222,1,d__Archaea;p__Halobacteriota;c__Methanosarcinia;o__Methanosarcinales;f__Methanosarcinaceae;g__Methanococcoides;s__Methanococcoides orientis
RS_GCF_021184045.1,nifB,NZ_CP073710.1_2222_A,2.1e-08,30.1,0.0,0,122,2356760-2357140,-1,0,NZ_CP073710.1,2222,1,d__Archaea;p__Halobacteriota;c__Methanosarcinia;o__Methanosarcinales;f__Methanosarcinaceae;g__Methanococcoides;s__Methanococcoides orientis
RS_GCF_021184045.1,nifB,NZ_CP073710.1_2222_A,0.0025,13.4,0.0,0,107,2356760-2357140,-1,0,NZ_CP073710.1,2222,1,d__Archaea;p__Halobacteriota;c__Methanosarcinia;o__Methanosarcinales;f__Methanosarcinaceae;g__Methanococcoides;s__Methanococcoides orientis
RS_GCF_021184045.1,nifH,NZ_CP073710.1_2225_B,0.019,11.2,0.0,182,287,2358505-2359374,-1,0,NZ_CP073710.1,2225,1,d__Archaea;p__Halobacteriota;c__Methanosarcinia;o__Methanosarcinales;f__Methanosarcinaceae;g__Methanococcoides;s__Methanococcoides orientis
RS_GCF_021184045.1,nifH,NZ_CP073710.1_2225_A,0.011,12.0,0.3,0,78,2358505-2359374,-1,0,NZ_CP073710.1,2225,1,d__Archaea;p__Halobacteriota;c__Methanosarcinia;o__Methanosarcinales;f__Methanosarcinaceae;g__Methanococcoides;s__Methanococcoides orientis
RS_GCF_021184045.1,nifH,NZ_CP073710.1_2226_A,0.039,10.2,0.0,0,52,2359371-2360228,-1,0,NZ_CP073710.1,2226,1,d__Archaea;p__Halobacteriota;c__Methanosarcinia;o__Methanosarcinales;f__Methanosarcinaceae;g__Methanococcoides;s__Methanococcoides orientis
RS_GCF_021184045.1,nifH,NZ_CP073710.1_2226_B,0.78,5.9,0.0,202,283,2359371-2360228,-1,0,NZ_CP073710.1,2226,1,d__Archaea;p__Halobacteriota;c__Methanosarcinia;o__Methanosarcinales;f__Methanosarcinaceae;g__Methanococcoides;s__Methanococcoides orientis
RS_GCF_021184045.1,nifB,NZ_CP073710.1_2227_A,3.7e-05,19.4,0.0,1,123,2360237-2360614,-1,0,NZ_CP073710.1,2227,1,d__Archaea;p__Halobacteriota;c__Methanosarcinia;o__Methanosarcinales;f__Methanosarcinaceae;g__Methanococcoides;s__Methanococcoides orientis
RS_GCF_021184045.1,nifK,NZ_CP073710.1_1238_A,3.8e-11,39.3,0.0,14,126,1347439-1348554,1,0,NZ_CP073710.1,1238,14,d__Archaea;p__Halobacteriota;c__Methanosarcinia;o__Methanosarcinales;f__Methanosarcinaceae;g__Methanococcoides;s__Methanococcoides orientis
RS_GCF_021184045.1,nifE,NZ_CP073710.1_1238_A,4.3e-13,45.6,0.1,13,163,1347439-1348554,1,0,NZ_CP073710.1,1238,14,d__Archaea;p__Halobacteriota;c__Methanosarcinia;o__Methanosarcinales;f__Methanosarcinaceae;g__Methanococcoides;s__Methanococcoides orientis
RS_GCF_021184045.1,nifNB,NZ_CP073710.1_1238_A,1.2e-10,37.1,0.0,7,121,1347439-1348554,1,0,NZ_CP073710.1,1238,14,d__Archaea;p__Halobacteriota;c__Methanosarcinia;o__Methanosarcinales;f__Methanosarcinaceae;g__Methanococcoides;s__Methanococcoides orientis
RS_GCF_021184045.1,pchlide,NZ_CP073710.1_1238_A,8.9e-08,28.2,0.0,18,162,1347439-1348554,1,0,NZ_CP073710.1,1238,14,d__Archaea;p__Halobacteriota;c__Methanosarcinia;o__Methanosarcinales;f__Methanosarcinaceae;g__Methanococcoides;s__Methanococcoides orientis
RS_GCF_021184045.1,nifD,NZ_CP073710.1_1238_A,3.7e-10,35.8,0.0,19,155,1347439-1348554,1,0,NZ_CP073710.1,1238,14,d__Archaea;p__Halobacteriota;c__Methanosarcinia;o__Methanosarcinales;f__Methanosarcinaceae;g__Methanococcoides;s__Methanococcoides orientis
RS_GCF_021184045.1,nifN,NZ_CP073710.1_1238_A,5.8e-16,55.1,0.1,1,124,1347439-1348554,1,0,NZ_CP073710.1,1238,14,d__Archaea;p__Halobacteriota;c__Methanosarcinia;o__Methanosarcinales;f__Methanosarcinaceae;g__Methanococcoides;s__Methanococcoides orientis
RS_GCF_021184045.1,nifH,NZ_CP073710.1_1239_A,2.4e-108,359.2,2.2,0,264,1348570-1349364,1,0,NZ_CP073710.1,1239,14,d__Archaea;p__Halobacteriota;c__Methanosarcinia;o__Methanosarcinales;f__Methanosarcinaceae;g__Methanococcoides;s__Methanococcoides orientis
RS_GCF_021184045.1,nifH,NZ_CP073710.1_1240_B,0.029,10.6,0.0,130,293,1349379-1350851,1,0,NZ_CP073710.1,1240,14,d__Archaea;p__Halobacteriota;c__Methanosarcinia;o__Methanosarcinales;f__Methanosarcinaceae;g__Methanococcoides;s__Methanococcoides orientis
RS_GCF_022014235.1,nifB,NZ_JAKLTD010000001.1_191_A,3.5e-24,81.8,0.0,0,121,171078-171443,-1,0,NZ_JAKLTD010000001.1,191,3,d__Archaea;p__Methanobacteriota;c__Methanobacteria;o__Methanobacteriales;f__Methanothermobacteraceae;g__Methanothermobacter;s__Methanothermobacter sp022014235
RS_GCF_022014235.1,nifNB,NZ_JAKLTD010000001.1_191_A,1e-14,50.2,0.3,2,120,171078-171443,-1,0,NZ_JAKLTD010000001.1,191,3,d__Archaea;p__Methanobacteriota;c__Methanobacteria;o__Methanobacteriales;f__Methanothermobacteraceae;g__Methanothermobacter;s__Methanothermobacter sp022014235
RS_GCF_022014235.1,nifB,NZ_JAKLTD010000001.1_191_A,3.5e-11,38.9,0.0,5,119,171078-171443,-1,0,NZ_JAKLTD010000001.1,191,3,d__Archaea;p__Methanobacteriota;c__Methanobacteria;o__Methanobacteriales;f__Methanothermobacteraceae;g__Methanothermobacter;s__Methanothermobacter sp022014235
RS_GCF_022014235.1,nifN,NZ_JAKLTD010000001.1_191_A,2.8e-09,32.7,0.1,2,120,171078-171443,-1,0,NZ_JAKLTD010000001.1,191,3,d__Archaea;p__Methanobacteriota;c__Methanobacteria;o__Methanobacteriales;f__Methanothermobacteraceae;g__Methanothermobacter;s__Methanothermobacter sp022014235
RS_GCF_022014235.1,nifD,NZ_JAKLTD010000001.1_192_B,0.0039,12.3,0.0,232,428,171385-172728,-1,0,NZ_JAKLTD010000001.1,192,3,d__Archaea;p__Methanobacteriota;c__Methanobacteria;o__Methanobacteriales;f__Methanothermobacteraceae;g__Methanothermobacter;s__Methanothermobacter sp022014235
RS_GCF_022014235.1,nifE,NZ_JAKLTD010000001.1_192_A,1.3e-32,109.7,0.0,7,199,171385-172728,-1,0,NZ_JAKLTD010000001.1,192,3,d__Archaea;p__Methanobacteriota;c__Methanobacteria;o__Methanobacteriales;f__Methanothermobacteraceae;g__Methanothermobacter;s__Methanothermobacter sp022014235
RS_GCF_022014235.1,pchlide,NZ_JAKLTD010000001.1_192_A,5.7e-16,54.9,0.0,14,429,171385-172728,-1,0,NZ_JAKLTD010000001.1,192,3,d__Archaea;p__Methanobacteriota;c__Methanobacteria;o__Methanobacteriales;f__Methanothermobacteraceae;g__Methanothermobacter;s__Methanothermobacter sp022014235
RS_GCF_022014235.1,nifN,NZ_JAKLTD010000001.1_192_A,1.2e-148,493.3,0.0,0,443,171385-172728,-1,0,NZ_JAKLTD010000001.1,192,3,d__Archaea;p__Methanobacteriota;c__Methanobacteria;o__Methanobacteriales;f__Methanothermobacteraceae;g__Methanothermobacter;s__Methanothermobacter sp022014235
RS_GCF_022014235.1,nifNB,NZ_JAKLTD010000001.1_192_A,4.4e-106,352.6,0.0,1,441,171385-172728,-1,0,NZ_JAKLTD010000001.1,192,3,d__Archaea;p__Methanobacteriota;c__Methanobacteria;o__Methanobacteriales;f__Methanothermobacteraceae;g__Methanothermobacter;s__Methanothermobacter sp022014235
RS_GCF_022014235.1,nifK,NZ_JAKLTD010000001.1_192_A,9.1e-133,440.1,0.0,0,440,171385-172728,-1,0,NZ_JAKLTD010000001.1,192,3,d__Archaea;p__Methanobacteriota;c__Methanobacteria;o__Methanobacteriales;f__Methanothermobacteraceae;g__Methanothermobacter;s__Methanothermobacter sp022014235
RS_GCF_022014235.1,nifE,NZ_JAKLTD010000001.1_192_B,3.6e-09,32.3,0.0,205,435,171385-172728,-1,0,NZ_JAKLTD010000001.1,192,3,d__Archaea;p__Methanobacteriota;c__Methanobacteria;o__Methanobacteriales;f__Methanothermobacteraceae;g__Methanothermobacter;s__Methanothermobacter sp022014235
RS_GCF_022014235.1,nifD,NZ_JAKLTD010000001.1_192_A,2.8e-19,65.5,0.0,13,193,171385-172728,-1,0,NZ_JAKLTD010000001.1,192,3,d__Archaea;p__Methanobacteriota;c__Methanobacteria;o__Methanobacteriales;f__Methanothermobacteraceae;g__Methanothermobacter;s__Methanothermobacter sp022014235
RS_GCF_022014235.1,nifD,NZ_JAKLTD010000001.1_193_A,2.8e-139,461.3,0.0,22,472,172774-174216,-1,0,NZ_JAKLTD010000001.1,193,3,d__Archaea;p__Methanobacteriota;c__Methanobacteria;o__Methanobacteriales;f__Methanothermobacteraceae;g__Methanothermobacter;s__Methanothermobacter sp022014235
RS_GCF_022014235.1,nifN,NZ_JAKLTD010000001.1_193_A,1.8e-37,125.9,0.0,62,460,172774-174216,-1,0,NZ_JAKLTD010000001.1,193,3,d__Archaea;p__Methanobacteriota;c__Methanobacteria;o__Methanobacteriales;f__Methanothermobacteraceae;g__Methanothermobacter;s__Methanothermobacter sp022014235
RS_GCF_022014235.1,nifE,NZ_JAKLTD010000001.1_193_A,2.2e-189,627.2,0.0,0,474,172774-174216,-1,0,NZ_JAKLTD010000001.1,193,3,d__Archaea;p__Methanobacteriota;c__Methanobacteria;o__Methanobacteriales;f__Methanothermobacteraceae;g__Methanothermobacter;s__Methanothermobacter sp022014235
RS_GCF_022014235.1,nifK,NZ_JAKLTD010000001.1_193_A,8.9e-28,93.8,0.0,53,460,172774-174216,-1,0,NZ_JAKLTD010000001.1,193,3,d__Archaea;p__Methanobacteriota;c__Methanobacteria;o__Methanobacteriales;f__Methanothermobacteraceae;g__Methanothermobacter;s__Methanothermobacter sp022014235
RS_GCF_022014235.1,pchlide,NZ_JAKLTD010000001.1_193_A,6.4e-28,94.3,0.0,66,458,172774-174216,-1,0,NZ_JAKLTD010000001.1,193,3,d__Archaea;p__Methanobacteriota;c__Methanobacteria;o__Methanobacteriales;f__Methanothermobacteraceae;g__Methanothermobacter;s__Methanothermobacter sp022014235
RS_GCF_022014235.1,nifNB,NZ_JAKLTD010000001.1_193_A,3.7e-14,48.3,0.2,60,299,172774-174216,-1,0,NZ_JAKLTD010000001.1,193,3,d__Archaea;p__Methanobacteriota;c__Methanobacteria;o__Methanobacteriales;f__Methanothermobacteraceae;g__Methanothermobacter;s__Methanothermobacter sp022014235
RS_GCF_022014235.1,nifNB,NZ_JAKLTD010000001.1_194_A,1.6e-90,301.1,0.0,7,453,174185-175564,-1,0,NZ_JAKLTD010000001.1,194,3,d__Archaea;p__Methanobacteriota;c__Methanobacteria;o__Methanobacteriales;f__Methanothermobacteraceae;g__Methanothermobacter;s__Methanothermobacter sp022014235
RS_GCF_022014235.1,pchlide,NZ_JAKLTD010000001.1_194_A,7.3e-07,24.9,0.0,22,201,174185-175564,-1,0,NZ_JAKLTD010000001.1,194,3,d__Archaea;p__Methanobacteriota;c__Methanobacteria;o__Methanobacteriales;f__Methanothermobacteraceae;g__Methanothermobacter;s__Methanothermobacter sp022014235
RS_GCF_022014235.1,pchlide,NZ_JAKLTD010000001.1_194_B,3.9e-14,48.8,0.0,226,449,174185-175564,-1,0,NZ_JAKLTD010000001.1,194,3,d__Archaea;p__Methanobacteriota;c__Methanobacteria;o__Methanobacteriales;f__Methanothermobacteraceae;g__Methanothermobacter;s__Methanothermobacter sp022014235
RS_GCF_022014235.1,nifE,NZ_JAKLTD010000001.1_194_A,6.3e-17,57.9,0.0,17,203,174185-175564,-1,0,NZ_JAKLTD010000001.1,194,3,d__Archaea;p__Methanobacteriota;c__Methanobacteria;o__Methanobacteriales;f__Methanothermobacteraceae;g__Methanothermobacter;s__Methanothermobacter sp022014235
RS_GCF_022014235.1,nifE,NZ_JAKLTD010000001.1_194_B,7.9e-11,37.8,0.0,226,459,174185-175564,-1,0,NZ_JAKLTD010000001.1,194,3,d__Archaea;p__Methanobacteriota;c__Methanobacteria;o__Methanobacteriales;f__Methanothermobacteraceae;g__Methanothermobacter;s__Methanothermobacter sp022014235
RS_GCF_022014235.1,nifN,NZ_JAKLTD010000001.1_194_A,7.3e-128,424.6,0.0,0,459,174185-175564,-1,0,NZ_JAKLTD010000001.1,194,3,d__Archaea;p__Methanobacteriota;c__Methanobacteria;o__Methanobacteriales;f__Methanothermobacteraceae;g__Methanothermobacter;s__Methanothermobacter sp022014235
RS_GCF_022014235.1,nifD,NZ_JAKLTD010000001.1_194_A,1.6e-07,26.8,0.0,25,202,174185-175564,-1,0,NZ_JAKLTD010000001.1,194,3,d__Archaea;p__Methanobacteriota;c__Methanobacteria;o__Methanobacteriales;f__Methanothermobacteraceae;g__Methanothermobacter;s__Methanothermobacter sp022014235
RS_GCF_022014235.1,nifD,NZ_JAKLTD010000001.1_194_B,3.4e-05,19.1,0.0,241,458,174185-175564,-1,0,NZ_JAKLTD010000001.1,194,3,d__Archaea;p__Methanobacteriota;c__Methanobacteria;o__Methanobacteriales;f__Methanothermobacteraceae;g__Methanothermobacter;s__Methanothermobacter sp022014235
RS_GCF_022014235.1,nifK,NZ_JAKLTD010000001.1_194_A,4.9e-167,553.1,0.0,1,459,174185-175564,-1,0,NZ_JAKLTD010000001.1,194,3,d__Archaea;p__Methanobacteriota;c__Methanobacteria;o__Methanobacteriales;f__Methanothermobacteraceae;g__Methanothermobacter;s__Methanothermobacter sp022014235
RS_GCF_022014235.1,nifE,NZ_JAKLTD010000001.1_195_A,1.8e-136,452.5,0.0,6,469,175564-176976,-1,0,NZ_JAKLTD010000001.1,195,3,d__Archaea;p__Methanobacteriota;c__Methanobacteria;o__Methanobacteriales;f__Methanothermobacteraceae;g__Methanothermobacter;s__Methanothermobacter sp022014235
RS_GCF_022014235.1,nifD,NZ_JAKLTD010000001.1_195_A,4.8e-190,628.7,0.0,3,470,175564-176976,-1,0,NZ_JAKLTD010000001.1,195,3,d__Archaea;p__Methanobacteriota;c__Methanobacteria;o__Methanobacteriales;f__Methanothermobacteraceae;g__Methanothermobacter;s__Methanothermobacter sp022014235
RS_GCF_022014235.1,pchlide,NZ_JAKLTD010000001.1_195_A,7.1e-32,107.4,0.0,42,461,175564-176976,-1,0,NZ_JAKLTD010000001.1,195,3,d__Archaea;p__Methanobacteriota;c__Methanobacteria;o__Methanobacteriales;f__Methanothermobacteraceae;g__Methanothermobacter;s__Methanothermobacter sp022014235
RS_GCF_022014235.1,nifN,NZ_JAKLTD010000001.1_195_A,3.6e-27,91.8,0.0,45,456,175564-176976,-1,0,NZ_JAKLTD010000001.1,195,3,d__Archaea;p__Methanobacteriota;c__Methanobacteria;o__Methanobacteriales;f__Methanothermobacteraceae;g__Methanothermobacter;s__Methanothermobacter sp022014235
RS_GCF_022014235.1,nifNB,NZ_JAKLTD010000001.1_195_A,4.5e-08,28.2,0.0,40,260,175564-176976,-1,0,NZ_JAKLTD010000001.1,195,3,d__Archaea;p__Methanobacteriota;c__Methanobacteria;o__Methanobacteriales;f__Methanothermobacteraceae;g__Methanothermobacter;s__Methanothermobacter sp022014235
RS_GCF_022014235.1,nifK,NZ_JAKLTD010000001.1_195_A,3.3e-18,62.2,0.0,42,462,175564-176976,-1,0,NZ_JAKLTD010000001.1,195,3,d__Archaea;p__Methanobacteriota;c__Methanobacteria;o__Methanobacteriales;f__Methanothermobacteraceae;g__Methanothermobacter;s__Methanothermobacter sp022014235
RS_GCF_022014235.1,nifH,NZ_JAKLTD010000001.1_198_A,3.7e-139,460.1,4.5,0,275,177753-178580,-1,0,NZ_JAKLTD010000001.1,198,3,d__Archaea;p__Methanobacteriota;c__Methanobacteria;o__Methanobacteriales;f__Methanothermobacteraceae;g__Methanothermobacter;s__Methanothermobacter sp022014235
RS_GCF_022014235.1,nifNB,NZ_JAKLTD010000001.1_237_A,7.7e-09,30.7,0.0,5,148,221025-222104,-1,0,NZ_JAKLTD010000001.1,237,4,d__Archaea;p__Methanobacteriota;c__Methanobacteria;o__Methanobacteriales;f__Methanothermobacteraceae;g__Methanothermobacter;s__Methanothermobacter sp022014235
RS_GCF_022014235.1,nifNB,NZ_JAKLTD010000001.1_237_B,11.0,0.5,0.0,234,353,221025-222104,-1,0,NZ_JAKLTD010000001.1,237,4,d__Archaea;p__Methanobacteriota;c__Methanobacteria;o__Methanobacteriales;f__Methanothermobacteraceae;g__Methanothermobacter;s__Methanothermobacter sp022014235
RS_GCF_022014235.1,nifN,NZ_JAKLTD010000001.1_237_A,1.6e-16,56.6,0.2,10,164,221025-222104,-1,0,NZ_JAKLTD010000001.1,237,4,d__Archaea;p__Methanobacteriota;c__Methanobacteria;o__Methanobacteriales;f__Methanothermobacteraceae;g__Methanothermobacter;s__Methanothermobacter sp022014235
RS_GCF_022014235.1,nifD,NZ_JAKLTD010000001.1_237_A,7.4e-12,41.1,0.0,13,152,221025-222104,-1,0,NZ_JAKLTD010000001.1,237,4,d__Archaea;p__Methanobacteriota;c__Methanobacteria;o__Methanobacteriales;f__Methanothermobacteraceae;g__Methanothermobacter;s__Methanothermobacter sp022014235
RS_GCF_022014235.1,nifK,NZ_JAKLTD010000001.1_237_A,1.1e-12,44.0,0.0,5,115,221025-222104,-1,0,NZ_JAKLTD010000001.1,237,4,d__Archaea;p__Methanobacteriota;c__Methanobacteria;o__Methanobacteriales;f__Methanothermobacteraceae;g__Methanothermobacter;s__Methanothermobacter sp022014235
RS_GCF_022014235.1,nifE,NZ_JAKLTD010000001.1_237_A,1.5e-18,63.2,0.0,8,201,221025-222104,-1,0,NZ_JAKLTD010000001.1,237,4,d__Archaea;p__Methanobacteriota;c__Methanobacteria;o__Methanobacteriales;f__Methanothermobacteraceae;g__Methanothermobacter;s__Methanothermobacter sp022014235
RS_GCF_022014235.1,pchlide,NZ_JAKLTD010000001.1_237_A,1.3e-08,30.7,0.0,11,117,221025-222104,-1,0,NZ_JAKLTD010000001.1,237,4,d__Archaea;p__Methanobacteriota;c__Methanobacteria;o__Methanobacteriales;f__Methanothermobacteraceae;g__Methanothermobacter;s__Methanothermobacter sp022014235
RS_GCF_022014235.1,nifH,NZ_JAKLTD010000001.1_246_B,0.46,6.3,0.0,219,315,235182-236156,-1,0,NZ_JAKLTD010000001.1,246,4,d__Archaea;p__Methanobacteriota;c__Methanobacteria;o__Methanobacteriales;f__Methanothermobacteraceae;g__Methanothermobacter;s__Methanothermobacter sp022014235
RS_GCF_022014235.1,nifH,NZ_JAKLTD010000001.1_246_A,8.6e-07,25.1,0.0,6,88,235182-236156,-1,0,NZ_JAKLTD010000001.1,246,4,d__Archaea;p__Methanobacteriota;c__Methanobacteria;o__Methanobacteriales;f__Methanothermobacteraceae;g__Methanothermobacter;s__Methanothermobacter sp022014235
RS_GCF_023016325.1,nifH,NZ_CP095400.1_984_B,0.054,9.0,0.1,107,275,963905-965266,-1,1,NZ_CP095400.1,984,1,d__Archaea;p__Halobacteriota;c__Methanonatronarchaeia;o__Methanonatronarchaeales;f__Methanonatronarchaeaceae;g__Methanonatronarchaeum;s__Methanonatronarchaeum sp004212035
RS_GCF_023016325.1,nifH,NZ_CP095400.1_984_A,1.1,4.7,0.2,10,41,963905-965266,-1,1,NZ_CP095400.1,984,1,d__Archaea;p__Halobacteriota;c__Methanonatronarchaeia;o__Methanonatronarchaeales;f__Methanonatronarchaeaceae;g__Methanonatronarchaeum;s__Methanonatronarchaeum sp004212035
RS_GCF_023016325.1,nifH,NZ_CP095400.1_985_A,2.1e-101,335.7,2.5,0,265,965266-966066,-1,0,NZ_CP095400.1,985,1,d__Archaea;p__Halobacteriota;c__Methanonatronarchaeia;o__Methanonatronarchaeales;f__Methanonatronarchaeaceae;g__Methanonatronarchaeum;s__Methanonatronarchaeum sp004212035
RS_GCF_023016325.1,nifK,NZ_CP095400.1_986_A,1.2e-12,43.5,0.1,17,129,966063-967169,-1,0,NZ_CP095400.1,986,1,d__Archaea;p__Halobacteriota;c__Methanonatronarchaeia;o__Methanonatronarchaeales;f__Methanonatronarchaeaceae;g__Methanonatronarchaeum;s__Methanonatronarchaeum sp004212035
RS_GCF_023016325.1,nifE,NZ_CP095400.1_986_A,3.3e-14,48.6,0.1,17,154,966063-967169,-1,0,NZ_CP095400.1,986,1,d__Archaea;p__Halobacteriota;c__Methanonatronarchaeia;o__Methanonatronarchaeales;f__Methanonatronarchaeaceae;g__Methanonatronarchaeum;s__Methanonatronarchaeum sp004212035
RS_GCF_023016325.1,nifN,NZ_CP095400.1_986_A,9e-17,57.1,0.1,13,133,966063-967169,-1,0,NZ_CP095400.1,986,1,d__Archaea;p__Halobacteriota;c__Methanonatronarchaeia;o__Methanonatronarchaeales;f__Methanonatronarchaeaceae;g__Methanonatronarchaeum;s__Methanonatronarchaeum sp004212035
RS_GCF_023016325.1,pchlide,NZ_CP095400.1_986_A,3.1e-09,32.3,0.0,17,168,966063-967169,-1,0,NZ_CP095400.1,986,1,d__Archaea;p__Halobacteriota;c__Methanonatronarchaeia;o__Methanonatronarchaeales;f__Methanonatronarchaeaceae;g__Methanonatronarchaeum;s__Methanonatronarchaeum sp004212035
RS_GCF_023016325.1,nifNB,NZ_CP095400.1_986_A,1.4e-08,29.6,0.0,12,122,966063-967169,-1,0,NZ_CP095400.1,986,1,d__Archaea;p__Halobacteriota;c__Methanonatronarchaeia;o__Methanonatronarchaeales;f__Methanonatronarchaeaceae;g__Methanonatronarchaeum;s__Methanonatronarchaeum sp004212035
RS_GCF_023016325.1,nifD,NZ_CP095400.1_986_A,6.1e-09,31.1,0.1,21,137,966063-967169,-1,0,NZ_CP095400.1,986,1,d__Archaea;p__Halobacteriota;c__Methanonatronarchaeia;o__Methanonatronarchaeales;f__Methanonatronarchaeaceae;g__Methanonatronarchaeum;s__Methanonatronarchaeum sp004212035
RS_GCF_023167465.1,nifH,NZ_AP025698.1_32_A,1.6e-08,30.6,0.3,4,81,35918-36694,1,0,NZ_AP025698.1,32,10,d__Archaea;p__Methanobacteriota;c__Methanobacteria;o__Methanobacteriales;f__DSM-23052;g__Methanothermobacter_A;s__Methanothermobacter_A tenebrarum
RS_GCF_023167465.1,nifH,NZ_AP025698.1_32_B,0.31,6.7,0.0,139,258,35918-36694,1,0,NZ_AP025698.1,32,10,d__Archaea;p__Methanobacteriota;c__Methanobacteria;o__Methanobacteriales;f__DSM-23052;g__Methanothermobacter_A;s__Methanothermobacter_A tenebrarum
RS_GCF_023167465.1,nifH,NZ_AP025698.1_36_A,0.83,5.3,0.0,0,75,38879-40225,1,0,NZ_AP025698.1,36,10,d__Archaea;p__Methanobacteriota;c__Methanobacteria;o__Methanobacteriales;f__DSM-23052;g__Methanothermobacter_A;s__Methanothermobacter_A tenebrarum
RS_GCF_023167465.1,nifH,NZ_AP025698.1_36_B,2.6,3.6,0.2,104,276,38879-40225,1,0,NZ_AP025698.1,36,10,d__Archaea;p__Methanobacteriota;c__Methanobacteria;o__Methanobacteriales;f__DSM-23052;g__Methanothermobacter_A;s__Methanothermobacter_A tenebrarum
RS_GCF_023167465.1,nifV,NZ_AP025698.1_51_A,6.9e-129,427.2,3.6,5,447,54268-55803,1,0,NZ_AP025698.1,51,10,d__Archaea;p__Methanobacteriota;c__Methanobacteria;o__Methanobacteriales;f__DSM-23052;g__Methanothermobacter_A;s__Methanothermobacter_A tenebrarum
RS_GCF_023167465.1,nifD,NZ_AP025698.1_52_A,6.7e-57,189.4,0.0,3,396,55817-57007,1,0,NZ_AP025698.1,52,10,d__Archaea;p__Methanobacteriota;c__Methanobacteria;o__Methanobacteriales;f__DSM-23052;g__Methanothermobacter_A;s__Methanothermobacter_A tenebrarum
RS_GCF_023167465.1,nifE,NZ_AP025698.1_52_A,7.7e-78,258.8,0.0,2,396,55817-57007,1,0,NZ_AP025698.1,52,10,d__Archaea;p__Methanobacteriota;c__Methanobacteria;o__Methanobacteriales;f__DSM-23052;g__Methanothermobacter_A;s__Methanothermobacter_A tenebrarum
RS_GCF_023167465.1,nifN,NZ_AP025698.1_52_A,9.1e-54,179.5,0.0,0,396,55817-57007,1,0,NZ_AP025698.1,52,10,d__Archaea;p__Methanobacteriota;c__Methanobacteria;o__Methanobacteriales;f__DSM-23052;g__Methanothermobacter_A;s__Methanothermobacter_A tenebrarum
RS_GCF_023167465.1,pchlide,NZ_AP025698.1_52_A,3.5e-46,154.4,0.0,5,392,55817-57007,1,0,NZ_AP025698.1,52,10,d__Archaea;p__Methanobacteriota;c__Methanobacteria;o__Methanobacteriales;f__DSM-23052;g__Methanothermobacter_A;s__Methanothermobacter_A tenebrarum
RS_GCF_023167465.1,nifNB,NZ_AP025698.1_52_A,1.2e-25,86.2,0.3,0,211,55817-57007,1,0,NZ_AP025698.1,52,10,d__Archaea;p__Methanobacteriota;c__Methanobacteria;o__Methanobacteriales;f__DSM-23052;g__Methanothermobacter_A;s__Methanothermobacter_A tenebrarum
RS_GCF_023167465.1,nifNB,NZ_AP025698.1_52_B,0.13,6.6,0.0,180,394,55817-57007,1,0,NZ_AP025698.1,52,10,d__Archaea;p__Methanobacteriota;c__Methanobacteria;o__Methanobacteriales;f__DSM-23052;g__Methanothermobacter_A;s__Methanothermobacter_A tenebrarum
RS_GCF_023167465.1,nifK,NZ_AP025698.1_52_A,3.3e-46,154.4,0.0,0,396,55817-57007,1,0,NZ_AP025698.1,52,10,d__Archaea;p__Methanobacteriota;c__Methanobacteria;o__Methanobacteriales;f__DSM-23052;g__Methanothermobacter_A;s__Methanothermobacter_A tenebrarum
RS_GCF_023195915.1,nifH,NZ_JALPRP010000001.1_1602_A,1.9e-124,412.3,0.1,0,272,1590160-1590978,1,0,NZ_JALPRP010000001.1,1602,6,d__Archaea;p__Halobacteriota;c__Methanomicrobia;o__Methanomicrobiales;f__Methanoculleaceae;g__Methanoculleus;s__Methanoculleus sp023195915
RS_GCF_023195915.1,pchlide,NZ_JALPRP010000001.1_1603_A,1.6e-22,77.1,0.0,10,287,1590938-1592011,1,0,NZ_JALPRP010000001.1,1603,6,d__Archaea;p__Halobacteriota;c__Methanomicrobia;o__Methanomicrobiales;f__Methanoculleaceae;g__Methanoculleus;s__Methanoculleus sp023195915
RS_GCF_023195915.1,nifD,NZ_JALPRP010000001.1_1603_A,4.3e-31,105.0,0.0,5,298,1590938-1592011,1,0,NZ_JALPRP010000001.1,1603,6,d__Archaea;p__Halobacteriota;c__Methanomicrobia;o__Methanomicrobiales;f__Methanoculleaceae;g__Methanoculleus;s__Methanoculleus sp023195915
RS_GCF_023195915.1,nifN,NZ_JALPRP010000001.1_1603_A,1.3e-27,93.8,0.3,1,305,1590938-1592011,1,0,NZ_JALPRP010000001.1,1603,6,d__Archaea;p__Halobacteriota;c__Methanomicrobia;o__Methanomicrobiales;f__Methanoculleaceae;g__Methanoculleus;s__Methanoculleus sp023195915
RS_GCF_023195915.1,nifK,NZ_JALPRP010000001.1_1603_B,0.15,7.8,0.0,208,319,1590938-1592011,1,0,NZ_JALPRP010000001.1,1603,6,d__Archaea;p__Halobacteriota;c__Methanomicrobia;o__Methanomicrobiales;f__Methanoculleaceae;g__Methanoculleus;s__Methanoculleus sp023195915
RS_GCF_023195915.1,nifK,NZ_JALPRP010000001.1_1603_A,2.5e-13,46.7,0.0,11,200,1590938-1592011,1,0,NZ_JALPRP010000001.1,1603,6,d__Archaea;p__Halobacteriota;c__Methanomicrobia;o__Methanomicrobiales;f__Methanoculleaceae;g__Methanoculleus;s__Methanoculleus sp023195915
RS_GCF_023195915.1,nifNB,NZ_JALPRP010000001.1_1603_A,2.1e-09,33.1,0.0,7,159,1590938-1592011,1,0,NZ_JALPRP010000001.1,1603,6,d__Archaea;p__Halobacteriota;c__Methanomicrobia;o__Methanomicrobiales;f__Methanoculleaceae;g__Methanoculleus;s__Methanoculleus sp023195915
RS_GCF_023195915.1,nifE,NZ_JALPRP010000001.1_1603_A,2.5e-45,152.2,0.0,1,292,1590938-1592011,1,0,NZ_JALPRP010000001.1,1603,6,d__Archaea;p__Halobacteriota;c__Methanomicrobia;o__Methanomicrobiales;f__Methanoculleaceae;g__Methanoculleus;s__Methanoculleus sp023195915
RS_GCF_023195915.1,nifK,NZ_JALPRP010000001.1_1605_B,4.3e-05,19.5,0.0,260,380,1592710-1593858,1,0,NZ_JALPRP010000001.1,1605,6,d__Archaea;p__Halobacteriota;c__Methanomicrobia;o__Methanomicrobiales;f__Methanoculleaceae;g__Methanoculleus;s__Methanoculleus sp023195915
RS_GCF_023195915.1,nifD,NZ_JALPRP010000001.1_1605_A,6.3e-08,28.6,0.4,7,188,1592710-1593858,1,0,NZ_JALPRP010000001.1,1605,6,d__Archaea;p__Halobacteriota;c__Methanomicrobia;o__Methanomicrobiales;f__Methanoculleaceae;g__Methanoculleus;s__Methanoculleus sp023195915
RS_GCF_023195915.1,nifE,NZ_JALPRP010000001.1_1605_A,1.4e-19,67.2,0.2,4,184,1592710-1593858,1,0,NZ_JALPRP010000001.1,1605,6,d__Archaea;p__Halobacteriota;c__Methanomicrobia;o__Methanomicrobiales;f__Methanoculleaceae;g__Methanoculleus;s__Methanoculleus sp023195915
RS_GCF_023195915.1,nifE,NZ_JALPRP010000001.1_1605_B,1.5,4.4,0.0,201,325,1592710-1593858,1,0,NZ_JALPRP010000001.1,1605,6,d__Archaea;p__Halobacteriota;c__Methanomicrobia;o__Methanomicrobiales;f__Methanoculleaceae;g__Methanoculleus;s__Methanoculleus sp023195915
RS_GCF_023195915.1,nifN,NZ_JALPRP010000001.1_1605_A,5.9e-17,58.5,0.0,2,169,1592710-1593858,1,0,NZ_JALPRP010000001.1,1605,6,d__Archaea;p__Halobacteriota;c__Methanomicrobia;o__Methanomicrobiales;f__Methanoculleaceae;g__Methanoculleus;s__Methanoculleus sp023195915
RS_GCF_023195915.1,nifN,NZ_JALPRP010000001.1_1605_B,0.0013,14.5,0.0,202,381,1592710-1593858,1,0,NZ_JALPRP010000001.1,1605,6,d__Archaea;p__Halobacteriota;c__Methanomicrobia;o__Methanomicrobiales;f__Methanoculleaceae;g__Methanoculleus;s__Methanoculleus sp023195915
RS_GCF_023195915.1,nifD,NZ_JALPRP010000001.1_1605_B,0.02,10.5,0.0,201,318,1592710-1593858,1,0,NZ_JALPRP010000001.1,1605,6,d__Archaea;p__Halobacteriota;c__Methanomicrobia;o__Methanomicrobiales;f__Methanoculleaceae;g__Methanoculleus;s__Methanoculleus sp023195915
RS_GCF_023195915.1,nifK,NZ_JALPRP010000001.1_1605_A,1.6e-10,37.4,0.1,5,180,1592710-1593858,1,0,NZ_JALPRP010000001.1,1605,6,d__Archaea;p__Halobacteriota;c__Methanomicrobia;o__Methanomicrobiales;f__Methanoculleaceae;g__Methanoculleus;s__Methanoculleus sp023195915
RS_GCF_023195915.1,pchlide,NZ_JALPRP010000001.1_1605_B,2.9e-05,20.1,0.0,271,369,1592710-1593858,1,0,NZ_JALPRP010000001.1,1605,6,d__Archaea;p__Halobacteriota;c__Methanomicrobia;o__Methanomicrobiales;f__Methanoculleaceae;g__Methanoculleus;s__Methanoculleus sp023195915
RS_GCF_023195915.1,pchlide,NZ_JALPRP010000001.1_1605_A,0.58,5.9,0.0,12,187,1592710-1593858,1,0,NZ_JALPRP010000001.1,1605,6,d__Archaea;p__Halobacteriota;c__Methanomicrobia;o__Methanomicrobiales;f__Methanoculleaceae;g__Methanoculleus;s__Methanoculleus sp023195915
RS_GCF_023195915.1,nifNB,NZ_JALPRP010000001.1_1605_A,1.7e-06,23.5,0.0,6,147,1592710-1593858,1,0,NZ_JALPRP010000001.1,1605,6,d__Archaea;p__Halobacteriota;c__Methanomicrobia;o__Methanomicrobiales;f__Methanoculleaceae;g__Methanoculleus;s__Methanoculleus sp023195915
RS_GCF_023195915.1,nifNB,NZ_JALPRP010000001.1_1605_B,2.6,3.0,0.0,262,374,1592710-1593858,1,0,NZ_JALPRP010000001.1,1605,6,d__Archaea;p__Halobacteriota;c__Methanomicrobia;o__Methanomicrobiales;f__Methanoculleaceae;g__Methanoculleus;s__Methanoculleus sp023195915
RS_GCF_023227715.1,nifH,NZ_JALKIF010000002.1_91_A,4.4e-120,397.8,0.5,0,288,106982-107860,-1,0,NZ_JALKIF010000002.1,91,1,d__Archaea;p__Methanobacteriota;c__Methanobacteria;o__Methanobacteriales;f__Methanobacteriaceae;g__Methanobacterium_E;s__Methanobacterium_E alcaliphilum
RS_GCF_023227715.1,nifD,NZ_JALKIF010000002.1_92_A,1.5e-36,122.9,0.0,31,316,108112-109491,-1,0,NZ_JALKIF010000002.1,92,1,d__Archaea;p__Methanobacteriota;c__Methanobacteria;o__Methanobacteriales;f__Methanobacteriaceae;g__Methanobacterium_E;s__Methanobacterium_E alcaliphilum
RS_GCF_023227715.1,nifK,NZ_JALKIF010000002.1_92_A,7.8e-31,104.2,0.0,1,456,108112-109491,-1,0,NZ_JALKIF010000002.1,92,1,d__Archaea;p__Methanobacteriota;c__Methanobacteria;o__Methanobacteriales;f__Methanobacteriaceae;g__Methanobacterium_E;s__Methanobacterium_E alcaliphilum
RS_GCF_023227715.1,nifE,NZ_JALKIF010000002.1_92_A,8.9e-51,170.0,0.0,2,346,108112-109491,-1,0,NZ_JALKIF010000002.1,92,1,d__Archaea;p__Methanobacteriota;c__Methanobacteria;o__Methanobacteriales;f__Methanobacteriaceae;g__Methanobacterium_E;s__Methanobacterium_E alcaliphilum
RS_GCF_023227715.1,pchlide,NZ_JALKIF010000002.1_92_A,2.8e-28,95.9,0.0,36,376,108112-109491,-1,0,NZ_JALKIF010000002.1,92,1,d__Archaea;p__Methanobacteriota;c__Methanobacteria;o__Methanobacteriales;f__Methanobacteriaceae;g__Methanobacterium_E;s__Methanobacterium_E alcaliphilum
RS_GCF_023227715.1,nifN,NZ_JALKIF010000002.1_92_A,8.6e-65,216.5,0.0,21,457,108112-109491,-1,0,NZ_JALKIF010000002.1,92,1,d__Archaea;p__Methanobacteriota;c__Methanobacteria;o__Methanobacteriales;f__Methanobacteriaceae;g__Methanobacterium_E;s__Methanobacterium_E alcaliphilum
RS_GCF_023227715.1,nifNB,NZ_JALKIF010000002.1_92_A,3.3e-09,32.3,0.0,25,356,108112-109491,-1,0,NZ_JALKIF010000002.1,92,1,d__Archaea;p__Methanobacteriota;c__Methanobacteria;o__Methanobacteriales;f__Methanobacteriaceae;g__Methanobacterium_E;s__Methanobacterium_E alcaliphilum
RS_GCF_023227715.1,nifD,NZ_JALKIF010000002.1_93_A,2.7e-88,293.5,0.0,0,504,109488-111026,-1,0,NZ_JALKIF010000002.1,93,1,d__Archaea;p__Methanobacteriota;c__Methanobacteria;o__Methanobacteriales;f__Methanobacteriaceae;g__Methanobacterium_E;s__Methanobacterium_E alcaliphilum
RS_GCF_023227715.1,nifNB,NZ_JALKIF010000002.1_93_B,0.0026,12.8,0.0,250,327,109488-111026,-1,0,NZ_JALKIF010000002.1,93,1,d__Archaea;p__Methanobacteriota;c__Methanobacteria;o__Methanobacteriales;f__Methanobacteriaceae;g__Methanobacterium_E;s__Methanobacterium_E alcaliphilum
RS_GCF_023227715.1,nifE,NZ_JALKIF010000002.1_93_A,1.3e-82,275.1,0.0,2,511,109488-111026,-1,0,NZ_JALKIF010000002.1,93,1,d__Archaea;p__Methanobacteriota;c__Methanobacteria;o__Methanobacteriales;f__Methanobacteriaceae;g__Methanobacterium_E;s__Methanobacterium_E alcaliphilum
RS_GCF_023227715.1,nifN,NZ_JALKIF010000002.1_93_A,6.6e-37,124.3,0.0,67,426,109488-111026,-1,0,NZ_JALKIF010000002.1,93,1,d__Archaea;p__Methanobacteriota;c__Methanobacteria;o__Methanobacteriales;f__Methanobacteriaceae;g__Methanobacterium_E;s__Methanobacterium_E alcaliphilum
RS_GCF_023227715.1,pchlide,NZ_JALKIF010000002.1_93_A,1.7e-27,93.3,0.0,65,403,109488-111026,-1,0,NZ_JALKIF010000002.1,93,1,d__Archaea;p__Methanobacteriota;c__Methanobacteria;o__Methanobacteriales;f__Methanobacteriaceae;g__Methanobacterium_E;s__Methanobacterium_E alcaliphilum
RS_GCF_023227715.1,nifNB,NZ_JALKIF010000002.1_93_A,1.5e-09,33.5,0.0,59,255,109488-111026,-1,0,NZ_JALKIF010000002.1,93,1,d__Archaea;p__Methanobacteriota;c__Methanobacteria;o__Methanobacteriales;f__Methanobacteriaceae;g__Methanobacterium_E;s__Methanobacterium_E alcaliphilum
RS_GCF_023227715.1,nifK,NZ_JALKIF010000002.1_93_A,1.7e-23,80.1,0.0,73,345,109488-111026,-1,0,NZ_JALKIF010000002.1,93,1,d__Archaea;p__Methanobacteriota;c__Methanobacteria;o__Methanobacteriales;f__Methanobacteriaceae;g__Methanobacterium_E;s__Methanobacterium_E alcaliphilum
RS_GCF_023227715.1,nifN,NZ_JALKIF010000002.1_94_A,1.5e-06,24.0,0.0,0,114,111554-111901,-1,0,NZ_JALKIF010000002.1,94,1,d__Archaea;p__Methanobacteriota;c__Methanobacteria;o__Methanobacteriales;f__Methanobacteriaceae;g__Methanobacterium_E;s__Methanobacterium_E alcaliphilum
RS_GCF_023227715.1,nifB,NZ_JALKIF010000002.1_94_A,1.7e-23,79.9,0.0,0,114,111554-111901,-1,0,NZ_JALKIF010000002.1,94,1,d__Archaea;p__Methanobacteriota;c__Methanobacteria;o__Methanobacteriales;f__Methanobacteriaceae;g__Methanobacterium_E;s__Methanobacterium_E alcaliphilum
RS_GCF_023227715.1,nifB,NZ_JALKIF010000002.1_94_A,1e-10,37.7,0.0,0,113,111554-111901,-1,0,NZ_JALKIF010000002.1,94,1,d__Archaea;p__Methanobacteriota;c__Methanobacteria;o__Methanobacteriales;f__Methanobacteriaceae;g__Methanobacterium_E;s__Methanobacterium_E alcaliphilum
RS_GCF_023227715.1,nifNB,NZ_JALKIF010000002.1_94_A,2.1e-09,32.9,0.0,0,112,111554-111901,-1,0,NZ_JALKIF010000002.1,94,1,d__Archaea;p__Methanobacteriota;c__Methanobacteria;o__Methanobacteriales;f__Methanobacteriaceae;g__Methanobacterium_E;s__Methanobacterium_E alcaliphilum
RS_GCF_023227715.1,nifH,NZ_JALKIF010000010.1_52_A,3.4e-136,450.8,7.9,0,275,48118-48945,1,0,NZ_JALKIF010000010.1,52,3,d__Archaea;p__Methanobacteriota;c__Methanobacteria;o__Methanobacteriales;f__Methanobacteriaceae;g__Methanobacterium_E;s__Methanobacterium_E alcaliphilum
RS_GCF_023227715.1,nifE,NZ_JALKIF010000010.1_55_A,1.7e-125,416.6,0.0,3,483,49729-51183,1,0,NZ_JALKIF010000010.1,55,3,d__Archaea;p__Methanobacteriota;c__Methanobacteria;o__Methanobacteriales;f__Methanobacteriaceae;g__Methanobacterium_E;s__Methanobacterium_E alcaliphilum
RS_GCF_023227715.1,nifK,NZ_JALKIF010000010.1_55_B,3.9e-17,59.0,0.0,102,464,49729-51183,1,0,NZ_JALKIF010000010.1,55,3,d__Archaea;p__Methanobacteriota;c__Methanobacteria;o__Methanobacteriales;f__Methanobacteriaceae;g__Methanobacterium_E;s__Methanobacterium_E alcaliphilum
RS_GCF_023227715.1,pchlide,NZ_JALKIF010000010.1_55_A,2.7e-27,92.6,0.0,42,465,49729-51183,1,0,NZ_JALKIF010000010.1,55,3,d__Archaea;p__Methanobacteriota;c__Methanobacteria;o__Methanobacteriales;f__Methanobacteriaceae;g__Methanobacterium_E;s__Methanobacterium_E alcaliphilum
RS_GCF_023227715.1,nifN,NZ_JALKIF010000010.1_55_A,3.4e-22,75.7,0.0,45,452,49729-51183,1,0,NZ_JALKIF010000010.1,55,3,d__Archaea;p__Methanobacteriota;c__Methanobacteria;o__Methanobacteriales;f__Methanobacteriaceae;g__Methanobacterium_E;s__Methanobacterium_E alcaliphilum
RS_GCF_023227715.1,nifD,NZ_JALKIF010000010.1_55_A,2.1e-179,594.0,0.0,2,477,49729-51183,1,0,NZ_JALKIF010000010.1,55,3,d__Archaea;p__Methanobacteriota;c__Methanobacteria;o__Methanobacteriales;f__Methanobacteriaceae;g__Methanobacterium_E;s__Methanobacterium_E alcaliphilum
RS_GCF_023227715.1,nifNB,NZ_JALKIF010000010.1_55_A,0.00051,15.2,0.3,47,455,49729-51183,1,0,NZ_JALKIF010000010.1,55,3,d__Archaea;p__Methanobacteriota;c__Methanobacteria;o__Methanobacteriales;f__Methanobacteriaceae;g__Methanobacterium_E;s__Methanobacterium_E alcaliphilum
RS_GCF_023227715.1,nifE,NZ_JALKIF010000010.1_56_B,4e-15,52.3,0.0,226,461,51183-52568,1,0,NZ_JALKIF010000010.1,56,3,d__Archaea;p__Methanobacteriota;c__Methanobacteria;o__Methanobacteriales;f__Methanobacteriaceae;g__Methanobacterium_E;s__Methanobacterium_E alcaliphilum
RS_GCF_023227715.1,nifE,NZ_JALKIF010000010.1_56_A,4.9e-26,88.3,0.2,2,205,51183-52568,1,0,NZ_JALKIF010000010.1,56,3,d__Archaea;p__Methanobacteriota;c__Methanobacteria;o__Methanobacteriales;f__Methanobacteriaceae;g__Methanobacterium_E;s__Methanobacterium_E alcaliphilum
RS_GCF_023227715.1,nifK,NZ_JALKIF010000010.1_56_A,2.7e-165,547.7,0.0,3,461,51183-52568,1,0,NZ_JALKIF010000010.1,56,3,d__Archaea;p__Methanobacteriota;c__Methanobacteria;o__Methanobacteriales;f__Methanobacteriaceae;g__Methanobacterium_E;s__Methanobacterium_E alcaliphilum
RS_GCF_023227715.1,pchlide,NZ_JALKIF010000010.1_56_B,2.2e-13,46.7,0.0,225,452,51183-52568,1,0,NZ_JALKIF010000010.1,56,3,d__Archaea;p__Methanobacteriota;c__Methanobacteria;o__Methanobacteriales;f__Methanobacteriaceae;g__Methanobacterium_E;s__Methanobacterium_E alcaliphilum
RS_GCF_023227715.1,pchlide,NZ_JALKIF010000010.1_56_A,2.7e-09,33.3,0.0,19,205,51183-52568,1,0,NZ_JALKIF010000010.1,56,3,d__Archaea;p__Methanobacteriota;c__Methanobacteria;o__Methanobacteriales;f__Methanobacteriaceae;g__Methanobacterium_E;s__Methanobacterium_E alcaliphilum
RS_GCF_023227715.1,nifN,NZ_JALKIF010000010.1_56_A,1.1e-139,464.1,0.0,0,461,51183-52568,1,0,NZ_JALKIF010000010.1,56,3,d__Archaea;p__Methanobacteriota;c__Methanobacteria;o__Methanobacteriales;f__Methanobacteriaceae;g__Methanobacterium_E;s__Methanobacterium_E alcaliphilum
RS_GCF_023227715.1,nifNB,NZ_JALKIF010000010.1_56_A,8.2e-96,318.9,0.1,9,457,51183-52568,1,0,NZ_JALKIF010000010.1,56,3,d__Archaea;p__Methanobacteriota;c__Methanobacteria;o__Methanobacteriales;f__Methanobacteriaceae;g__Methanobacterium_E;s__Methanobacterium_E alcaliphilum
RS_GCF_023227715.1,nifD,NZ_JALKIF010000010.1_56_B,0.00035,16.1,0.0,227,461,51183-52568,1,0,NZ_JALKIF010000010.1,56,3,d__Archaea;p__Methanobacteriota;c__Methanobacteria;o__Methanobacteriales;f__Methanobacteriaceae;g__Methanobacterium_E;s__Methanobacterium_E alcaliphilum
RS_GCF_023227715.1,nifD,NZ_JALKIF010000010.1_56_A,7.3e-12,41.4,0.1,9,204,51183-52568,1,0,NZ_JALKIF010000010.1,56,3,d__Archaea;p__Methanobacteriota;c__Methanobacteria;o__Methanobacteriales;f__Methanobacteriaceae;g__Methanobacterium_E;s__Methanobacterium_E alcaliphilum
RS_GCF_023227715.1,nifK,NZ_JALKIF010000010.1_57_A,1.6e-30,103.2,0.3,34,441,52783-54141,1,0,NZ_JALKIF010000010.1,57,3,d__Archaea;p__Methanobacteriota;c__Methanobacteria;o__Methanobacteriales;f__Methanobacteriaceae;g__Methanobacterium_E;s__Methanobacterium_E alcaliphilum
RS_GCF_023227715.1,pchlide,NZ_JALKIF010000010.1_57_A,3.3e-26,89.0,0.0,40,423,52783-54141,1,0,NZ_JALKIF010000010.1,57,3,d__Archaea;p__Methanobacteriota;c__Methanobacteria;o__Methanobacteriales;f__Methanobacteriaceae;g__Methanobacterium_E;s__Methanobacterium_E alcaliphilum
RS_GCF_023227715.1,nifE,NZ_JALKIF010000010.1_57_A,8e-197,652.1,0.1,0,451,52783-54141,1,0,NZ_JALKIF010000010.1,57,3,d__Archaea;p__Methanobacteriota;c__Methanobacteria;o__Methanobacteriales;f__Methanobacteriaceae;g__Methanobacterium_E;s__Methanobacterium_E alcaliphilum
RS_GCF_023227715.1,nifN,NZ_JALKIF010000010.1_57_A,4.7e-34,114.9,0.0,34,433,52783-54141,1,0,NZ_JALKIF010000010.1,57,3,d__Archaea;p__Methanobacteriota;c__Methanobacteria;o__Methanobacteriales;f__Methanobacteriaceae;g__Methanobacterium_E;s__Methanobacterium_E alcaliphilum
RS_GCF_023227715.1,nifNB,NZ_JALKIF010000010.1_57_A,2.8e-15,52.4,0.1,34,245,52783-54141,1,0,NZ_JALKIF010000010.1,57,3,d__Archaea;p__Methanobacteriota;c__Methanobacteria;o__Methanobacteriales;f__Methanobacteriaceae;g__Methanobacterium_E;s__Methanobacterium_E alcaliphilum
RS_GCF_023227715.1,nifD,NZ_JALKIF010000010.1_57_A,4.8e-151,500.4,0.4,2,452,52783-54141,1,0,NZ_JALKIF010000010.1,57,3,d__Archaea;p__Methanobacteriota;c__Methanobacteria;o__Methanobacteriales;f__Methanobacteriaceae;g__Methanobacterium_E;s__Methanobacterium_E alcaliphilum
RS_GCF_023227715.1,nifNB,NZ_JALKIF010000010.1_57_B,0.02,9.8,0.7,223,452,52783-54141,1,0,NZ_JALKIF010000010.1,57,3,d__Archaea;p__Methanobacteriota;c__Methanobacteria;o__Methanobacteriales;f__Methanobacteriaceae;g__Methanobacterium_E;s__Methanobacterium_E alcaliphilum
RS_GCF_023227715.1,nifE,NZ_JALKIF010000010.1_58_A,6.6e-41,137.4,0.0,1,472,54143-55564,1,0,NZ_JALKIF010000010.1,58,3,d__Archaea;p__Methanobacteriota;c__Methanobacteria;o__Methanobacteriales;f__Methanobacteriaceae;g__Methanobacterium_E;s__Methanobacterium_E alcaliphilum
RS_GCF_023227715.1,pchlide,NZ_JALKIF010000010.1_58_A,1e-24,84.1,0.0,21,461,54143-55564,1,0,NZ_JALKIF010000010.1,58,3,d__Archaea;p__Methanobacteriota;c__Methanobacteria;o__Methanobacteriales;f__Methanobacteriaceae;g__Methanobacterium_E;s__Methanobacterium_E alcaliphilum
RS_GCF_023227715.1,nifN,NZ_JALKIF010000010.1_58_A,2.2e-161,535.8,0.0,0,472,54143-55564,1,0,NZ_JALKIF010000010.1,58,3,d__Archaea;p__Methanobacteriota;c__Methanobacteria;o__Methanobacteriales;f__Methanobacteriaceae;g__Methanobacterium_E;s__Methanobacterium_E alcaliphilum
RS_GCF_023227715.1,nifD,NZ_JALKIF010000010.1_58_A,9.4e-18,60.9,0.1,2,455,54143-55564,1,0,NZ_JALKIF010000010.1,58,3,d__Archaea;p__Methanobacteriota;c__Methanobacteria;o__Methanobacteriales;f__Methanobacteriaceae;g__Methanobacterium_E;s__Methanobacterium_E alcaliphilum
RS_GCF_023227715.1,nifK,NZ_JALKIF010000010.1_58_A,3.3e-155,514.4,0.0,0,457,54143-55564,1,0,NZ_JALKIF010000010.1,58,3,d__Archaea;p__Methanobacteriota;c__Methanobacteria;o__Methanobacteriales;f__Methanobacteriaceae;g__Methanobacterium_E;s__Methanobacterium_E alcaliphilum
RS_GCF_023227715.1,nifNB,NZ_JALKIF010000010.1_58_A,4.9e-116,385.9,0.7,5,468,54143-55564,1,0,NZ_JALKIF010000010.1,58,3,d__Archaea;p__Methanobacteriota;c__Methanobacteria;o__Methanobacteriales;f__Methanobacteriaceae;g__Methanobacterium_E;s__Methanobacterium_E alcaliphilum
RS_GCF_023227715.1,nifB,NZ_JALKIF010000010.1_59_A,2.2e-23,79.5,0.0,0,106,55565-55885,1,0,NZ_JALKIF010000010.1,59,3,d__Archaea;p__Methanobacteriota;c__Methanobacteria;o__Methanobacteriales;f__Methanobacteriaceae;g__Methanobacterium_E;s__Methanobacterium_E alcaliphilum
RS_GCF_023227715.1,nifN,NZ_JALKIF010000010.1_59_A,5.8e-10,35.3,0.1,0,106,55565-55885,1,0,NZ_JALKIF010000010.1,59,3,d__Archaea;p__Methanobacteriota;c__Methanobacteria;o__Methanobacteriales;f__Methanobacteriaceae;g__Methanobacterium_E;s__Methanobacterium_E alcaliphilum
RS_GCF_023227715.1,nifB,NZ_JALKIF010000010.1_59_A,1.2e-10,37.5,0.0,0,103,55565-55885,1,0,NZ_JALKIF010000010.1,59,3,d__Archaea;p__Methanobacteriota;c__Methanobacteria;o__Methanobacteriales;f__Methanobacteriaceae;g__Methanobacterium_E;s__Methanobacterium_E alcaliphilum
RS_GCF_023227715.1,nifNB,NZ_JALKIF010000010.1_59_A,9.4e-15,50.7,0.1,0,105,55565-55885,1,0,NZ_JALKIF010000010.1,59,3,d__Archaea;p__Methanobacteriota;c__Methanobacteria;o__Methanobacteriales;f__Methanobacteriaceae;g__Methanobacterium_E;s__Methanobacterium_E alcaliphilum
RS_GCF_023227715.1,nifK,NZ_JALKIF010000014.1_7_A,9.1e-13,44.6,0.0,5,113,5576-6655,-1,0,NZ_JALKIF010000014.1,7,2,d__Archaea;p__Methanobacteriota;c__Methanobacteria;o__Methanobacteriales;f__Methanobacteriaceae;g__Methanobacterium_E;s__Methanobacterium_E alcaliphilum
RS_GCF_023227715.1,nifD,NZ_JALKIF010000014.1_7_A,5.9e-13,45.0,0.0,13,155,5576-6655,-1,0,NZ_JALKIF010000014.1,7,2,d__Archaea;p__Methanobacteriota;c__Methanobacteria;o__Methanobacteriales;f__Methanobacteriaceae;g__Methanobacterium_E;s__Methanobacterium_E alcaliphilum
RS_GCF_023227715.1,nifN,NZ_JALKIF010000014.1_7_A,5.4e-17,58.5,0.2,10,166,5576-6655,-1,0,NZ_JALKIF010000014.1,7,2,d__Archaea;p__Methanobacteriota;c__Methanobacteria;o__Methanobacteriales;f__Methanobacteriaceae;g__Methanobacterium_E;s__Methanobacterium_E alcaliphilum
RS_GCF_023227715.1,nifE,NZ_JALKIF010000014.1_7_A,9.5e-19,64.3,0.1,8,163,5576-6655,-1,0,NZ_JALKIF010000014.1,7,2,d__Archaea;p__Methanobacteriota;c__Methanobacteria;o__Methanobacteriales;f__Methanobacteriaceae;g__Methanobacterium_E;s__Methanobacterium_E alcaliphilum
RS_GCF_023227715.1,pchlide,NZ_JALKIF010000014.1_7_A,9.3e-07,24.9,0.0,10,148,5576-6655,-1,0,NZ_JALKIF010000014.1,7,2,d__Archaea;p__Methanobacteriota;c__Methanobacteria;o__Methanobacteriales;f__Methanobacteriaceae;g__Methanobacterium_E;s__Methanobacterium_E alcaliphilum
RS_GCF_023227715.1,nifNB,NZ_JALKIF010000014.1_7_A,1.1e-09,33.9,0.0,5,156,5576-6655,-1,0,NZ_JALKIF010000014.1,7,2,d__Archaea;p__Methanobacteriota;c__Methanobacteria;o__Methanobacteriales;f__Methanobacteriaceae;g__Methanobacterium_E;s__Methanobacterium_E alcaliphilum
RS_GCF_023227715.1,nifH,NZ_JALKIF010000014.1_21_B,3.7,3.7,0.0,216,310,22041-23015,-1,0,NZ_JALKIF010000014.1,21,2,d__Archaea;p__Methanobacteriota;c__Methanobacteria;o__Methanobacteriales;f__Methanobacteriaceae;g__Methanobacterium_E;s__Methanobacterium_E alcaliphilum
RS_GCF_023227715.1,nifH,NZ_JALKIF010000014.1_21_A,2.9e-06,23.8,0.0,6,74,22041-23015,-1,0,NZ_JALKIF010000014.1,21,2,d__Archaea;p__Methanobacteriota;c__Methanobacteria;o__Methanobacteriales;f__Methanobacteriaceae;g__Methanobacterium_E;s__Methanobacterium_E alcaliphilum
RS_GCF_023227715.1,nifK,NZ_JALKIF010000014.1_54_B,6.5e-20,68.2,0.0,181,451,58853-60211,-1,0,NZ_JALKIF010000014.1,54,1,d__Archaea;p__Methanobacteriota;c__Methanobacteria;o__Methanobacteriales;f__Methanobacteriaceae;g__Methanobacterium_E;s__Methanobacterium_E alcaliphilum
RS_GCF_023227715.1,nifK,NZ_JALKIF010000014.1_54_A,1.6e-23,80.1,0.0,0,189,58853-60211,-1,0,NZ_JALKIF010000014.1,54,1,d__Archaea;p__Methanobacteriota;c__Methanobacteria;o__Methanobacteriales;f__Methanobacteriaceae;g__Methanobacterium_E;s__Methanobacterium_E alcaliphilum
RS_GCF_023227715.1,nifD,NZ_JALKIF010000014.1_54_A,5.9e-26,87.9,0.0,3,171,58853-60211,-1,0,NZ_JALKIF010000014.1,54,1,d__Archaea;p__Methanobacteriota;c__Methanobacteria;o__Methanobacteriales;f__Methanobacteriaceae;g__Methanobacterium_E;s__Methanobacterium_E alcaliphilum
RS_GCF_023227715.1,nifE,NZ_JALKIF010000014.1_54_A,1e-63,212.7,0.0,2,450,58853-60211,-1,0,NZ_JALKIF010000014.1,54,1,d__Archaea;p__Methanobacteriota;c__Methanobacteria;o__Methanobacteriales;f__Methanobacteriaceae;g__Methanobacterium_E;s__Methanobacterium_E alcaliphilum
RS_GCF_023227715.1,nifN,NZ_JALKIF010000014.1_54_A,1.6e-45,152.8,0.0,0,452,58853-60211,-1,0,NZ_JALKIF010000014.1,54,1,d__Archaea;p__Methanobacteriota;c__Methanobacteria;o__Methanobacteriales;f__Methanobacteriaceae;g__Methanobacterium_E;s__Methanobacterium_E alcaliphilum
RS_GCF_023227715.1,pchlide,NZ_JALKIF010000014.1_54_A,6e-13,45.3,0.0,4,165,58853-60211,-1,0,NZ_JALKIF010000014.1,54,1,d__Archaea;p__Methanobacteriota;c__Methanobacteria;o__Methanobacteriales;f__Methanobacteriaceae;g__Methanobacterium_E;s__Methanobacterium_E alcaliphilum
RS_GCF_023227715.1,pchlide,NZ_JALKIF010000014.1_54_B,1.1e-16,57.6,0.0,158,452,58853-60211,-1,0,NZ_JALKIF010000014.1,54,1,d__Archaea;p__Methanobacteriota;c__Methanobacteria;o__Methanobacteriales;f__Methanobacteriaceae;g__Methanobacterium_E;s__Methanobacterium_E alcaliphilum
RS_GCF_023227715.1,nifD,NZ_JALKIF010000014.1_54_B,6.1e-22,74.7,0.0,175,450,58853-60211,-1,0,NZ_JALKIF010000014.1,54,1,d__Archaea;p__Methanobacteriota;c__Methanobacteria;o__Methanobacteriales;f__Methanobacteriaceae;g__Methanobacterium_E;s__Methanobacterium_E alcaliphilum
RS_GCF_023227715.1,nifNB,NZ_JALKIF010000014.1_54_A,2.1e-21,72.7,0.0,0,184,58853-60211,-1,0,NZ_JALKIF010000014.1,54,1,d__Archaea;p__Methanobacteriota;c__Methanobacteria;o__Methanobacteriales;f__Methanobacteriaceae;g__Methanobacterium_E;s__Methanobacterium_E alcaliphilum
RS_GCF_023227715.1,nifNB,NZ_JALKIF010000014.1_54_B,0.76,4.7,0.0,217,450,58853-60211,-1,0,NZ_JALKIF010000014.1,54,1,d__Archaea;p__Methanobacteriota;c__Methanobacteria;o__Methanobacteriales;f__Methanobacteriaceae;g__Methanobacterium_E;s__Methanobacterium_E alcaliphilum
RS_GCF_023227715.1,nifV,NZ_JALKIF010000014.1_57_A,3.2e-123,409.0,3.4,28,468,64071-65675,-1,0,NZ_JALKIF010000014.1,57,1,d__Archaea;p__Methanobacteriota;c__Methanobacteria;o__Methanobacteriales;f__Methanobacteriaceae;g__Methanobacterium_E;s__Methanobacterium_E alcaliphilum
RS_GCF_023227875.1,nifK,NZ_JALOCH010000002.1_67_A,1.5e-12,44.2,0.0,3,195,56533-57654,-1,0,NZ_JALOCH010000002.1,67,1,d__Archaea;p__Halobacteriota;c__Methanomicrobia;o__Methanomicrobiales;f__Methanospirillaceae;g__Methanoregula;s__Methanoregula sp023227875
RS_GCF_023227875.1,nifD,NZ_JALOCH010000002.1_67_A,2e-06,23.8,0.2,9,132,56533-57654,-1,0,NZ_JALOCH010000002.1,67,1,d__Archaea;p__Halobacteriota;c__Methanomicrobia;o__Methanomicrobiales;f__Methanospirillaceae;g__Methanoregula;s__Methanoregula sp023227875
RS_GCF_023227875.1,nifE,NZ_JALOCH010000002.1_67_A,7.4e-17,58.4,0.1,7,144,56533-57654,-1,0,NZ_JALOCH010000002.1,67,1,d__Archaea;p__Halobacteriota;c__Methanomicrobia;o__Methanomicrobiales;f__Methanospirillaceae;g__Methanoregula;s__Methanoregula sp023227875
RS_GCF_023227875.1,nifK,NZ_JALOCH010000002.1_67_B,0.038,9.9,0.0,273,373,56533-57654,-1,0,NZ_JALOCH010000002.1,67,1,d__Archaea;p__Halobacteriota;c__Methanomicrobia;o__Methanomicrobiales;f__Methanospirillaceae;g__Methanoregula;s__Methanoregula sp023227875
RS_GCF_023227875.1,pchlide,NZ_JALOCH010000002.1_67_A,0.3,7.0,0.0,7,136,56533-57654,-1,0,NZ_JALOCH010000002.1,67,1,d__Archaea;p__Halobacteriota;c__Methanomicrobia;o__Methanomicrobiales;f__Methanospirillaceae;g__Methanoregula;s__Methanoregula sp023227875
RS_GCF_023227875.1,pchlide,NZ_JALOCH010000002.1_67_B,0.0011,15.0,0.0,240,370,56533-57654,-1,0,NZ_JALOCH010000002.1,67,1,d__Archaea;p__Halobacteriota;c__Methanomicrobia;o__Methanomicrobiales;f__Methanospirillaceae;g__Methanoregula;s__Methanoregula sp023227875
RS_GCF_023227875.1,nifN,NZ_JALOCH010000002.1_67_B,0.1,8.4,0.0,222,373,56533-57654,-1,0,NZ_JALOCH010000002.1,67,1,d__Archaea;p__Halobacteriota;c__Methanomicrobia;o__Methanomicrobiales;f__Methanospirillaceae;g__Methanoregula;s__Methanoregula sp023227875
RS_GCF_023227875.1,nifN,NZ_JALOCH010000002.1_67_A,4.9e-20,68.9,0.1,2,160,56533-57654,-1,0,NZ_JALOCH010000002.1,67,1,d__Archaea;p__Halobacteriota;c__Methanomicrobia;o__Methanomicrobiales;f__Methanospirillaceae;g__Methanoregula;s__Methanoregula sp023227875
RS_GCF_023227875.1,nifNB,NZ_JALOCH010000002.1_67_A,1.9e-06,23.5,0.0,3,143,56533-57654,-1,0,NZ_JALOCH010000002.1,67,1,d__Archaea;p__Halobacteriota;c__Methanomicrobia;o__Methanomicrobiales;f__Methanospirillaceae;g__Methanoregula;s__Methanoregula sp023227875
RS_GCF_023227875.1,nifE,NZ_JALOCH010000002.1_68_A,6.3e-46,154.3,0.0,4,278,57647-58735,-1,0,NZ_JALOCH010000002.1,68,1,d__Archaea;p__Halobacteriota;c__Methanomicrobia;o__Methanomicrobiales;f__Methanospirillaceae;g__Methanoregula;s__Methanoregula sp023227875
RS_GCF_023227875.1,nifD,NZ_JALOCH010000002.1_68_A,3.8e-31,105.4,0.0,7,277,57647-58735,-1,0,NZ_JALOCH010000002.1,68,1,d__Archaea;p__Halobacteriota;c__Methanomicrobia;o__Methanomicrobiales;f__Methanospirillaceae;g__Methanoregula;s__Methanoregula sp023227875
RS_GCF_023227875.1,nifK,NZ_JALOCH010000002.1_68_A,5.2e-11,39.2,0.1,5,211,57647-58735,-1,0,NZ_JALOCH010000002.1,68,1,d__Archaea;p__Halobacteriota;c__Methanomicrobia;o__Methanomicrobiales;f__Methanospirillaceae;g__Methanoregula;s__Methanoregula sp023227875
RS_GCF_023227875.1,pchlide,NZ_JALOCH010000002.1_68_A,2.2e-19,66.8,0.0,12,291,57647-58735,-1,0,NZ_JALOCH010000002.1,68,1,d__Archaea;p__Halobacteriota;c__Methanomicrobia;o__Methanomicrobiales;f__Methanospirillaceae;g__Methanoregula;s__Methanoregula sp023227875
RS_GCF_023227875.1,nifN,NZ_JALOCH010000002.1_68_A,1.7e-23,80.3,1.4,1,276,57647-58735,-1,0,NZ_JALOCH010000002.1,68,1,d__Archaea;p__Halobacteriota;c__Methanomicrobia;o__Methanomicrobiales;f__Methanospirillaceae;g__Methanoregula;s__Methanoregula sp023227875
RS_GCF_023227875.1,nifNB,NZ_JALOCH010000002.1_68_A,3.4e-05,19.4,0.2,1,175,57647-58735,-1,0,NZ_JALOCH010000002.1,68,1,d__Archaea;p__Halobacteriota;c__Methanomicrobia;o__Methanomicrobiales;f__Methanospirillaceae;g__Methanoregula;s__Methanoregula sp023227875
RS_GCF_023227875.1,nifH,NZ_JALOCH010000002.1_69_A,4.3e-127,421.2,0.2,0,270,58701-59513,-1,0,NZ_JALOCH010000002.1,69,1,d__Archaea;p__Halobacteriota;c__Methanomicrobia;o__Methanomicrobiales;f__Methanospirillaceae;g__Methanoregula;s__Methanoregula sp023227875
RS_GCF_023227875.1,nifB,NZ_JALOCH010000011.1_48_A,0.017,10.9,0.0,2,68,41954-42403,-1,0,NZ_JALOCH010000011.1,48,1,d__Archaea;p__Halobacteriota;c__Methanomicrobia;o__Methanomicrobiales;f__Methanospirillaceae;g__Methanoregula;s__Methanoregula sp023227875
RS_GCF_023227875.1,nifNB,NZ_JALOCH010000011.1_48_A,0.0038,12.6,0.0,23,72,41954-42403,-1,0,NZ_JALOCH010000011.1,48,1,d__Archaea;p__Halobacteriota;c__Methanomicrobia;o__Methanomicrobiales;f__Methanospirillaceae;g__Methanoregula;s__Methanoregula sp023227875
RS_GCF_023227875.1,nifB,NZ_JALOCH010000011.1_48_A,7.7e-05,18.7,0.0,5,131,41954-42403,-1,0,NZ_JALOCH010000011.1,48,1,d__Archaea;p__Halobacteriota;c__Methanomicrobia;o__Methanomicrobiales;f__Methanospirillaceae;g__Methanoregula;s__Methanoregula sp023227875
RS_GCF_023227875.1,nifH,NZ_JALOCH010000011.1_52_A,0.0023,14.5,0.0,0,45,44145-44996,-1,0,NZ_JALOCH010000011.1,52,1,d__Archaea;p__Halobacteriota;c__Methanomicrobia;o__Methanomicrobiales;f__Methanospirillaceae;g__Methanoregula;s__Methanoregula sp023227875
RS_GCF_023227875.1,nifH,NZ_JALOCH010000011.1_52_B,2.1,4.8,0.0,199,274,44145-44996,-1,0,NZ_JALOCH010000011.1,52,1,d__Archaea;p__Halobacteriota;c__Methanomicrobia;o__Methanomicrobiales;f__Methanospirillaceae;g__Methanoregula;s__Methanoregula sp023227875
RS_GCF_023227875.1,nifB,NZ_JALOCH010000011.1_53_A,0.0016,14.4,0.0,4,111,45058-45393,-1,0,NZ_JALOCH010000011.1,53,1,d__Archaea;p__Halobacteriota;c__Methanomicrobia;o__Methanomicrobiales;f__Methanospirillaceae;g__Methanoregula;s__Methanoregula sp023227875
RS_GCF_023227875.1,nifB,NZ_JALOCH010000011.1_55_A,8.3e-05,18.6,0.0,1,108,46050-46376,-1,0,NZ_JALOCH010000011.1,55,1,d__Archaea;p__Halobacteriota;c__Methanomicrobia;o__Methanomicrobiales;f__Methanospirillaceae;g__Methanoregula;s__Methanoregula sp023227875
RS_GCF_023227875.1,nifH,NZ_JALOCH010000011.1_58_A,8.9e-06,22.5,0.1,38,80,47945-48838,-1,0,NZ_JALOCH010000011.1,58,1,d__Archaea;p__Halobacteriota;c__Methanomicrobia;o__Methanomicrobiales;f__Methanospirillaceae;g__Methanoregula;s__Methanoregula sp023227875
RS_GCF_023702065.1,nifH,NZ_QFDM01000002.1_751_A,5.7e-126,417.2,0.1,0,272,806159-806977,1,0,NZ_QFDM01000002.1,751,3,d__Archaea;p__Halobacteriota;c__Methanomicrobia;o__Methanomicrobiales;f__Methanoculleaceae;g__Methanoculleus;s__Methanoculleus sp023702065
RS_GCF_023702065.1,nifN,NZ_QFDM01000002.1_752_A,1.1e-27,93.9,1.3,0,294,806937-808016,1,0,NZ_QFDM01000002.1,752,3,d__Archaea;p__Halobacteriota;c__Methanomicrobia;o__Methanomicrobiales;f__Methanoculleaceae;g__Methanoculleus;s__Methanoculleus sp023702065
RS_GCF_023702065.1,pchlide,NZ_QFDM01000002.1_752_A,2.4e-22,76.3,0.0,10,284,806937-808016,1,0,NZ_QFDM01000002.1,752,3,d__Archaea;p__Halobacteriota;c__Methanomicrobia;o__Methanomicrobiales;f__Methanoculleaceae;g__Methanoculleus;s__Methanoculleus sp023702065
RS_GCF_023702065.1,nifK,NZ_QFDM01000002.1_752_B,0.33,6.6,0.0,201,283,806937-808016,1,0,NZ_QFDM01000002.1,752,3,d__Archaea;p__Halobacteriota;c__Methanomicrobia;o__Methanomicrobiales;f__Methanoculleaceae;g__Methanoculleus;s__Methanoculleus sp023702065
RS_GCF_023702065.1,nifK,NZ_QFDM01000002.1_752_A,1.1e-14,51.0,0.0,11,202,806937-808016,1,0,NZ_QFDM01000002.1,752,3,d__Archaea;p__Halobacteriota;c__Methanomicrobia;o__Methanomicrobiales;f__Methanoculleaceae;g__Methanoculleus;s__Methanoculleus sp023702065
RS_GCF_023702065.1,nifD,NZ_QFDM01000002.1_752_A,1.7e-30,102.9,0.0,3,292,806937-808016,1,0,NZ_QFDM01000002.1,752,3,d__Archaea;p__Halobacteriota;c__Methanomicrobia;o__Methanomicrobiales;f__Methanoculleaceae;g__Methanoculleus;s__Methanoculleus sp023702065
RS_GCF_023702065.1,nifE,NZ_QFDM01000002.1_752_A,3.3e-45,151.7,0.0,1,291,806937-808016,1,0,NZ_QFDM01000002.1,752,3,d__Archaea;p__Halobacteriota;c__Methanomicrobia;o__Methanomicrobiales;f__Methanoculleaceae;g__Methanoculleus;s__Methanoculleus sp023702065
RS_GCF_023702065.1,nifNB,NZ_QFDM01000002.1_752_A,3.9e-10,35.4,0.0,8,153,806937-808016,1,0,NZ_QFDM01000002.1,752,3,d__Archaea;p__Halobacteriota;c__Methanomicrobia;o__Methanomicrobiales;f__Methanoculleaceae;g__Methanoculleus;s__Methanoculleus sp023702065
RS_GCF_024054535.1,nifB,NZ_JAMXLV010000020.1_291_A,1.3e-07,27.3,0.1,0,133,264041-264457,1,0,NZ_JAMXLV010000020.1,291,2,d__Archaea;p__Methanobacteriota_B;c__Thermococci;o__Thermococcales;f__Thermococcaceae;g__Thermococcus_A;s__Thermococcus_A alcaliphilus
RS_GCF_024054535.1,nifN,NZ_JAMXLV010000020.1_291_A,0.00026,16.4,0.1,0,133,264041-264457,1,0,NZ_JAMXLV010000020.1,291,2,d__Archaea;p__Methanobacteriota_B;c__Thermococci;o__Thermococcales;f__Thermococcaceae;g__Thermococcus_A;s__Thermococcus_A alcaliphilus
RS_GCF_024054535.1,nifNB,NZ_JAMXLV010000020.1_291_A,2.2e-05,19.5,0.2,1,132,264041-264457,1,0,NZ_JAMXLV010000020.1,291,2,d__Archaea;p__Methanobacteriota_B;c__Thermococci;o__Thermococcales;f__Thermococcaceae;g__Thermococcus_A;s__Thermococcus_A alcaliphilus
RS_GCF_024054535.1,nifH,NZ_JAMXLV010000020.1_293_B,0.0023,14.0,0.1,205,284,265460-266320,1,0,NZ_JAMXLV010000020.1,293,2,d__Archaea;p__Methanobacteriota_B;c__Thermococci;o__Thermococcales;f__Thermococcaceae;g__Thermococcus_A;s__Thermococcus_A alcaliphilus
RS_GCF_024054535.1,nifH,NZ_JAMXLV010000020.1_293_A,0.0026,13.8,0.2,0,32,265460-266320,1,0,NZ_JAMXLV010000020.1,293,2,d__Archaea;p__Methanobacteriota_B;c__Thermococci;o__Thermococcales;f__Thermococcaceae;g__Thermococcus_A;s__Thermococcus_A alcaliphilus
RS_GCF_024054535.1,nifH,NZ_JAMXLV010000020.1_294_B,0.00022,17.4,0.0,189,294,266326-267213,1,0,NZ_JAMXLV010000020.1,294,2,d__Archaea;p__Methanobacteriota_B;c__Thermococci;o__Thermococcales;f__Thermococcaceae;g__Thermococcus_A;s__Thermococcus_A alcaliphilus
RS_GCF_024054535.1,nifH,NZ_JAMXLV010000020.1_294_A,0.0076,12.3,0.0,0,81,266326-267213,1,0,NZ_JAMXLV010000020.1,294,2,d__Archaea;p__Methanobacteriota_B;c__Thermococci;o__Thermococcales;f__Thermococcaceae;g__Thermococcus_A;s__Thermococcus_A alcaliphilus
RS_GCF_024170265.1,nifK,NZ_JALJXW010000003.1_82_A,4.5e-13,45.4,0.0,2,188,66231-67343,-1,0,NZ_JALJXW010000003.1,82,1,d__Archaea;p__Halobacteriota;c__Methanomicrobia;o__Methanomicrobiales;f__Methanocorpusculaceae;g__Methanocalculus;s__Methanocalculus sp003838185
RS_GCF_024170265.1,nifK,NZ_JALJXW010000003.1_82_B,0.0089,11.4,0.0,240,370,66231-67343,-1,0,NZ_JALJXW010000003.1,82,1,d__Archaea;p__Halobacteriota;c__Methanomicrobia;o__Methanomicrobiales;f__Methanocorpusculaceae;g__Methanocalculus;s__Methanocalculus sp003838185
RS_GCF_024170265.1,nifD,NZ_JALJXW010000003.1_82_A,3.6e-07,25.7,0.0,7,184,66231-67343,-1,0,NZ_JALJXW010000003.1,82,1,d__Archaea;p__Halobacteriota;c__Methanomicrobia;o__Methanomicrobiales;f__Methanocorpusculaceae;g__Methanocalculus;s__Methanocalculus sp003838185
RS_GCF_024170265.1,nifN,NZ_JALJXW010000003.1_82_A,9.9e-19,64.0,0.1,1,174,66231-67343,-1,0,NZ_JALJXW010000003.1,82,1,d__Archaea;p__Halobacteriota;c__Methanomicrobia;o__Methanomicrobiales;f__Methanocorpusculaceae;g__Methanocalculus;s__Methanocalculus sp003838185
RS_GCF_024170265.1,nifN,NZ_JALJXW010000003.1_82_B,0.23,6.6,0.0,255,370,66231-67343,-1,0,NZ_JALJXW010000003.1,82,1,d__Archaea;p__Halobacteriota;c__Methanomicrobia;o__Methanomicrobiales;f__Methanocorpusculaceae;g__Methanocalculus;s__Methanocalculus sp003838185
RS_GCF_024170265.1,nifE,NZ_JALJXW010000003.1_82_A,3.1e-20,68.9,0.0,5,189,66231-67343,-1,0,NZ_JALJXW010000003.1,82,1,d__Archaea;p__Halobacteriota;c__Methanomicrobia;o__Methanomicrobiales;f__Methanocorpusculaceae;g__Methanocalculus;s__Methanocalculus sp003838185
RS_GCF_024170265.1,pchlide,NZ_JALJXW010000003.1_82_A,0.0076,11.7,0.0,7,184,66231-67343,-1,0,NZ_JALJXW010000003.1,82,1,d__Archaea;p__Halobacteriota;c__Methanomicrobia;o__Methanomicrobiales;f__Methanocorpusculaceae;g__Methanocalculus;s__Methanocalculus sp003838185
RS_GCF_024170265.1,nifNB,NZ_JALJXW010000003.1_82_A,0.00039,15.3,0.0,2,131,66231-67343,-1,0,NZ_JALJXW010000003.1,82,1,d__Archaea;p__Halobacteriota;c__Methanomicrobia;o__Methanomicrobiales;f__Methanocorpusculaceae;g__Methanocalculus;s__Methanocalculus sp003838185
RS_GCF_024170265.1,nifD,NZ_JALJXW010000003.1_83_A,8.6e-22,73.9,0.0,1,280,67336-68388,-1,0,NZ_JALJXW010000003.1,83,1,d__Archaea;p__Halobacteriota;c__Methanomicrobia;o__Methanomicrobiales;f__Methanocorpusculaceae;g__Methanocalculus;s__Methanocalculus sp003838185
RS_GCF_024170265.1,nifK,NZ_JALJXW010000003.1_83_A,1e-13,47.5,0.0,7,200,67336-68388,-1,0,NZ_JALJXW010000003.1,83,1,d__Archaea;p__Halobacteriota;c__Methanomicrobia;o__Methanomicrobiales;f__Methanocorpusculaceae;g__Methanocalculus;s__Methanocalculus sp003838185
RS_GCF_024170265.1,nifE,NZ_JALJXW010000003.1_83_A,5.7e-30,101.1,0.0,3,286,67336-68388,-1,0,NZ_JALJXW010000003.1,83,1,d__Archaea;p__Halobacteriota;c__Methanomicrobia;o__Methanomicrobiales;f__Methanocorpusculaceae;g__Methanocalculus;s__Methanocalculus sp003838185
RS_GCF_024170265.1,pchlide,NZ_JALJXW010000003.1_83_A,5.7e-15,51.7,0.0,11,289,67336-68388,-1,0,NZ_JALJXW010000003.1,83,1,d__Archaea;p__Halobacteriota;c__Methanomicrobia;o__Methanomicrobiales;f__Methanocorpusculaceae;g__Methanocalculus;s__Methanocalculus sp003838185
RS_GCF_024170265.1,nifN,NZ_JALJXW010000003.1_83_A,2.3e-21,72.7,0.1,9,196,67336-68388,-1,0,NZ_JALJXW010000003.1,83,1,d__Archaea;p__Halobacteriota;c__Methanomicrobia;o__Methanomicrobiales;f__Methanocorpusculaceae;g__Methanocalculus;s__Methanocalculus sp003838185
RS_GCF_024170265.1,nifNB,NZ_JALJXW010000003.1_83_A,1.3e-09,33.4,0.0,4,169,67336-68388,-1,0,NZ_JALJXW010000003.1,83,1,d__Archaea;p__Halobacteriota;c__Methanomicrobia;o__Methanomicrobiales;f__Methanocorpusculaceae;g__Methanocalculus;s__Methanocalculus sp003838185
RS_GCF_024170265.1,nifK,NZ_JALJXW010000003.1_83_B,7.9,1.7,0.0,227,316,67336-68388,-1,0,NZ_JALJXW010000003.1,83,1,d__Archaea;p__Halobacteriota;c__Methanomicrobia;o__Methanomicrobiales;f__Methanocorpusculaceae;g__Methanocalculus;s__Methanocalculus sp003838185
RS_GCF_024170265.1,nifH,NZ_JALJXW010000003.1_84_A,8.8e-121,399.9,0.1,0,271,68348-69163,-1,0,NZ_JALJXW010000003.1,84,1,d__Archaea;p__Halobacteriota;c__Methanomicrobia;o__Methanomicrobiales;f__Methanocorpusculaceae;g__Methanocalculus;s__Methanocalculus sp003838185
RS_GCF_024170505.1,nifD,NZ_JALJYG010000003.1_133_A,0.0015,14.0,0.0,7,176,111321-112433,-1,0,NZ_JALJYG010000003.1,133,1,d__Archaea;p__Halobacteriota;c__Methanomicrobia;o__Methanomicrobiales;f__Methanocorpusculaceae;g__Methanocalculus;s__Methanocalculus alkaliphilus
RS_GCF_024170505.1,nifK,NZ_JALJYG010000003.1_133_A,7e-08,28.4,0.0,1,192,111321-112433,-1,0,NZ_JALJYG010000003.1,133,1,d__Archaea;p__Halobacteriota;c__Methanomicrobia;o__Methanomicrobiales;f__Methanocorpusculaceae;g__Methanocalculus;s__Methanocalculus alkaliphilus
RS_GCF_024170505.1,nifK,NZ_JALJYG010000003.1_133_B,0.34,6.4,0.0,285,370,111321-112433,-1,0,NZ_JALJYG010000003.1,133,1,d__Archaea;p__Halobacteriota;c__Methanomicrobia;o__Methanomicrobiales;f__Methanocorpusculaceae;g__Methanocalculus;s__Methanocalculus alkaliphilus
RS_GCF_024170505.1,nifE,NZ_JALJYG010000003.1_133_A,2e-15,53.2,0.1,7,254,111321-112433,-1,0,NZ_JALJYG010000003.1,133,1,d__Archaea;p__Halobacteriota;c__Methanomicrobia;o__Methanomicrobiales;f__Methanocorpusculaceae;g__Methanocalculus;s__Methanocalculus alkaliphilus
RS_GCF_024170505.1,nifN,NZ_JALJYG010000003.1_133_A,1.7e-10,36.9,0.1,1,173,111321-112433,-1,0,NZ_JALJYG010000003.1,133,1,d__Archaea;p__Halobacteriota;c__Methanomicrobia;o__Methanomicrobiales;f__Methanocorpusculaceae;g__Methanocalculus;s__Methanocalculus alkaliphilus
RS_GCF_024170505.1,nifN,NZ_JALJYG010000003.1_133_B,12.0,1.1,0.0,255,370,111321-112433,-1,0,NZ_JALJYG010000003.1,133,1,d__Archaea;p__Halobacteriota;c__Methanomicrobia;o__Methanomicrobiales;f__Methanocorpusculaceae;g__Methanocalculus;s__Methanocalculus alkaliphilus
RS_GCF_024170505.1,nifK,NZ_JALJYG010000003.1_134_B,8.0,1.8,0.0,220,286,112426-113475,-1,0,NZ_JALJYG010000003.1,134,1,d__Archaea;p__Halobacteriota;c__Methanomicrobia;o__Methanomicrobiales;f__Methanocorpusculaceae;g__Methanocalculus;s__Methanocalculus alkaliphilus
RS_GCF_024170505.1,nifD,NZ_JALJYG010000003.1_134_A,3.7e-23,78.6,0.0,4,282,112426-113475,-1,0,NZ_JALJYG010000003.1,134,1,d__Archaea;p__Halobacteriota;c__Methanomicrobia;o__Methanomicrobiales;f__Methanocorpusculaceae;g__Methanocalculus;s__Methanocalculus alkaliphilus
RS_GCF_024170505.1,nifN,NZ_JALJYG010000003.1_134_B,4.1,2.6,0.0,201,317,112426-113475,-1,0,NZ_JALJYG010000003.1,134,1,d__Archaea;p__Halobacteriota;c__Methanomicrobia;o__Methanomicrobiales;f__Methanocorpusculaceae;g__Methanocalculus;s__Methanocalculus alkaliphilus
RS_GCF_024170505.1,nifE,NZ_JALJYG010000003.1_134_A,1e-33,113.6,0.0,3,294,112426-113475,-1,0,NZ_JALJYG010000003.1,134,1,d__Archaea;p__Halobacteriota;c__Methanomicrobia;o__Methanomicrobiales;f__Methanocorpusculaceae;g__Methanocalculus;s__Methanocalculus alkaliphilus
RS_GCF_024170505.1,nifK,NZ_JALJYG010000003.1_134_A,1.4e-15,53.8,0.0,1,198,112426-113475,-1,0,NZ_JALJYG010000003.1,134,1,d__Archaea;p__Halobacteriota;c__Methanomicrobia;o__Methanomicrobiales;f__Methanocorpusculaceae;g__Methanocalculus;s__Methanocalculus alkaliphilus
RS_GCF_024170505.1,nifN,NZ_JALJYG010000003.1_134_A,2.8e-21,72.6,0.2,2,186,112426-113475,-1,0,NZ_JALJYG010000003.1,134,1,d__Archaea;p__Halobacteriota;c__Methanomicrobia;o__Methanomicrobiales;f__Methanocorpusculaceae;g__Methanocalculus;s__Methanocalculus alkaliphilus
RS_GCF_024170505.1,nifNB,NZ_JALJYG010000003.1_134_A,3.4e-10,35.5,0.2,4,123,112426-113475,-1,0,NZ_JALJYG010000003.1,134,1,d__Archaea;p__Halobacteriota;c__Methanomicrobia;o__Methanomicrobiales;f__Methanocorpusculaceae;g__Methanocalculus;s__Methanocalculus alkaliphilus
RS_GCF_024170505.1,pchlide,NZ_JALJYG010000003.1_134_A,1.1e-14,50.9,0.0,11,284,112426-113475,-1,0,NZ_JALJYG010000003.1,134,1,d__Archaea;p__Halobacteriota;c__Methanomicrobia;o__Methanomicrobiales;f__Methanocorpusculaceae;g__Methanocalculus;s__Methanocalculus alkaliphilus
RS_GCF_024170505.1,nifH,NZ_JALJYG010000003.1_135_A,3.2e-124,411.3,0.0,0,271,113435-114250,-1,0,NZ_JALJYG010000003.1,135,1,d__Archaea;p__Halobacteriota;c__Methanomicrobia;o__Methanomicrobiales;f__Methanocorpusculaceae;g__Methanocalculus;s__Methanocalculus alkaliphilus
RS_GCF_024372725.1,nifK,NZ_VOUA01000001.1_361_A,8.1e-62,207.0,0.0,0,197,384880-386466,-1,0,NZ_VOUA01000001.1,361,3,d__Archaea;p__Halobacteriota;c__Methanosarcinia;o__Methanosarcinales;f__Methanosarcinaceae;g__Methanosarcina;s__Methanosarcina sp024372725
RS_GCF_024372725.1,nifE,NZ_VOUA01000001.1_361_B,4.6e-13,46.1,0.0,274,526,384880-386466,-1,0,NZ_VOUA01000001.1,361,3,d__Archaea;p__Halobacteriota;c__Methanosarcinia;o__Methanosarcinales;f__Methanosarcinaceae;g__Methanosarcina;s__Methanosarcina sp024372725
RS_GCF_024372725.1,nifN,NZ_VOUA01000001.1_361_A,1.2e-163,543.9,0.0,0,524,384880-386466,-1,0,NZ_VOUA01000001.1,361,3,d__Archaea;p__Halobacteriota;c__Methanosarcinia;o__Methanosarcinales;f__Methanosarcinaceae;g__Methanosarcina;s__Methanosarcina sp024372725
RS_GCF_024372725.1,pchlide,NZ_VOUA01000001.1_361_A,1.2e-07,28.4,0.0,15,187,384880-386466,-1,0,NZ_VOUA01000001.1,361,3,d__Archaea;p__Halobacteriota;c__Methanosarcinia;o__Methanosarcinales;f__Methanosarcinaceae;g__Methanosarcina;s__Methanosarcina sp024372725
RS_GCF_024372725.1,pchlide,NZ_VOUA01000001.1_361_B,2e-15,54.0,0.0,274,509,384880-386466,-1,0,NZ_VOUA01000001.1,361,3,d__Archaea;p__Halobacteriota;c__Methanosarcinia;o__Methanosarcinales;f__Methanosarcinaceae;g__Methanosarcina;s__Methanosarcina sp024372725
RS_GCF_024372725.1,nifE,NZ_VOUA01000001.1_361_A,2e-21,73.7,0.0,2,202,384880-386466,-1,0,NZ_VOUA01000001.1,361,3,d__Archaea;p__Halobacteriota;c__Methanosarcinia;o__Methanosarcinales;f__Methanosarcinaceae;g__Methanosarcina;s__Methanosarcina sp024372725
RS_GCF_024372725.1,nifK,NZ_VOUA01000001.1_361_B,2.3e-78,261.6,0.0,207,518,384880-386466,-1,0,NZ_VOUA01000001.1,361,3,d__Archaea;p__Halobacteriota;c__Methanosarcinia;o__Methanosarcinales;f__Methanosarcinaceae;g__Methanosarcina;s__Methanosarcina sp024372725
RS_GCF_024372725.1,nifD,NZ_VOUA01000001.1_361_B,0.00046,16.3,0.0,276,513,384880-386466,-1,0,NZ_VOUA01000001.1,361,3,d__Archaea;p__Halobacteriota;c__Methanosarcinia;o__Methanosarcinales;f__Methanosarcinaceae;g__Methanosarcina;s__Methanosarcina sp024372725
RS_GCF_024372725.1,nifD,NZ_VOUA01000001.1_361_A,8.1e-12,41.9,0.1,7,203,384880-386466,-1,0,NZ_VOUA01000001.1,361,3,d__Archaea;p__Halobacteriota;c__Methanosarcinia;o__Methanosarcinales;f__Methanosarcinaceae;g__Methanosarcina;s__Methanosarcina sp024372725
RS_GCF_024372725.1,nifNB,NZ_VOUA01000001.1_361_A,1.9e-63,212.4,0.2,0,209,384880-386466,-1,0,NZ_VOUA01000001.1,361,3,d__Archaea;p__Halobacteriota;c__Methanosarcinia;o__Methanosarcinales;f__Methanosarcinaceae;g__Methanosarcina;s__Methanosarcina sp024372725
RS_GCF_024372725.1,nifNB,NZ_VOUA01000001.1_361_B,1.7e-71,239.0,0.0,215,513,384880-386466,-1,0,NZ_VOUA01000001.1,361,3,d__Archaea;p__Halobacteriota;c__Methanosarcinia;o__Methanosarcinales;f__Methanosarcinaceae;g__Methanosarcina;s__Methanosarcina sp024372725
RS_GCF_024372725.1,nifNB,NZ_VOUA01000001.1_362_A,6.1e-18,61.8,0.6,39,460,386479-388002,-1,0,NZ_VOUA01000001.1,362,3,d__Archaea;p__Halobacteriota;c__Methanosarcinia;o__Methanosarcinales;f__Methanosarcinaceae;g__Methanosarcina;s__Methanosarcina sp024372725
RS_GCF_024372725.1,nifN,NZ_VOUA01000001.1_362_A,1.4e-40,137.0,0.0,40,427,386479-388002,-1,0,NZ_VOUA01000001.1,362,3,d__Archaea;p__Halobacteriota;c__Methanosarcinia;o__Methanosarcinales;f__Methanosarcinaceae;g__Methanosarcina;s__Methanosarcina sp024372725
RS_GCF_024372725.1,pchlide,NZ_VOUA01000001.1_362_A,4.6e-26,89.1,0.0,44,424,386479-388002,-1,0,NZ_VOUA01000001.1,362,3,d__Archaea;p__Halobacteriota;c__Methanosarcinia;o__Methanosarcinales;f__Methanosarcinaceae;g__Methanosarcina;s__Methanosarcina sp024372725
RS_GCF_024372725.1,nifK,NZ_VOUA01000001.1_362_A,1.6e-34,117.0,0.2,37,448,386479-388002,-1,0,NZ_VOUA01000001.1,362,3,d__Archaea;p__Halobacteriota;c__Methanosarcinia;o__Methanosarcinales;f__Methanosarcinaceae;g__Methanosarcina;s__Methanosarcina sp024372725
RS_GCF_024372725.1,nifE,NZ_VOUA01000001.1_362_A,1.5e-192,638.6,0.2,0,505,386479-388002,-1,0,NZ_VOUA01000001.1,362,3,d__Archaea;p__Halobacteriota;c__Methanosarcinia;o__Methanosarcinales;f__Methanosarcinaceae;g__Methanosarcina;s__Methanosarcina sp024372725
RS_GCF_024372725.1,nifD,NZ_VOUA01000001.1_362_A,5.3e-134,444.8,0.3,5,473,386479-388002,-1,0,NZ_VOUA01000001.1,362,3,d__Archaea;p__Halobacteriota;c__Methanosarcinia;o__Methanosarcinales;f__Methanosarcinaceae;g__Methanosarcina;s__Methanosarcina sp024372725
RS_GCF_024372725.1,nifK,NZ_VOUA01000001.1_363_A,9.4e-190,629.0,0.0,2,456,388145-389515,-1,0,NZ_VOUA01000001.1,363,3,d__Archaea;p__Halobacteriota;c__Methanosarcinia;o__Methanosarcinales;f__Methanosarcinaceae;g__Methanosarcina;s__Methanosarcina sp024372725
RS_GCF_024372725.1,nifNB,NZ_VOUA01000001.1_363_A,3.3e-84,281.1,0.0,10,449,388145-389515,-1,0,NZ_VOUA01000001.1,363,3,d__Archaea;p__Halobacteriota;c__Methanosarcinia;o__Methanosarcinales;f__Methanosarcinaceae;g__Methanosarcina;s__Methanosarcina sp024372725
RS_GCF_024372725.1,pchlide,NZ_VOUA01000001.1_363_A,1e-25,88.0,0.0,22,442,388145-389515,-1,0,NZ_VOUA01000001.1,363,3,d__Archaea;p__Halobacteriota;c__Methanosarcinia;o__Methanosarcinales;f__Methanosarcinaceae;g__Methanosarcina;s__Methanosarcina sp024372725
RS_GCF_024372725.1,nifN,NZ_VOUA01000001.1_363_A,2.4e-133,443.7,0.0,3,453,388145-389515,-1,0,NZ_VOUA01000001.1,363,3,d__Archaea;p__Halobacteriota;c__Methanosarcinia;o__Methanosarcinales;f__Methanosarcinaceae;g__Methanosarcina;s__Methanosarcina sp024372725
RS_GCF_024372725.1,nifE,NZ_VOUA01000001.1_363_B,3.7e-14,49.7,0.0,216,453,388145-389515,-1,0,NZ_VOUA01000001.1,363,3,d__Archaea;p__Halobacteriota;c__Methanosarcinia;o__Methanosarcinales;f__Methanosarcinaceae;g__Methanosarcina;s__Methanosarcina sp024372725
RS_GCF_024372725.1,nifD,NZ_VOUA01000001.1_363_A,9.9e-17,58.1,0.0,31,443,388145-389515,-1,0,NZ_VOUA01000001.1,363,3,d__Archaea;p__Halobacteriota;c__Methanosarcinia;o__Methanosarcinales;f__Methanosarcinaceae;g__Methanosarcina;s__Methanosarcina sp024372725
RS_GCF_024372725.1,nifE,NZ_VOUA01000001.1_363_A,6.1e-21,72.1,0.6,5,204,388145-389515,-1,0,NZ_VOUA01000001.1,363,3,d__Archaea;p__Halobacteriota;c__Methanosarcinia;o__Methanosarcinales;f__Methanosarcinaceae;g__Methanosarcina;s__Methanosarcina sp024372725
RS_GCF_024372725.1,nifE,NZ_VOUA01000001.1_364_B,1.3e-13,47.9,0.0,423,531,389529-391127,-1,0,NZ_VOUA01000001.1,364,3,d__Archaea;p__Halobacteriota;c__Methanosarcinia;o__Methanosarcinales;f__Methanosarcinaceae;g__Methanosarcina;s__Methanosarcina sp024372725
RS_GCF_024372725.1,nifK,NZ_VOUA01000001.1_364_A,7.3e-23,78.5,0.1,42,396,389529-391127,-1,0,NZ_VOUA01000001.1,364,3,d__Archaea;p__Halobacteriota;c__Methanosarcinia;o__Methanosarcinales;f__Methanosarcinaceae;g__Methanosarcina;s__Methanosarcina sp024372725
RS_GCF_024372725.1,pchlide,NZ_VOUA01000001.1_364_B,7.4,2.7,0.0,438,508,389529-391127,-1,0,NZ_VOUA01000001.1,364,3,d__Archaea;p__Halobacteriota;c__Methanosarcinia;o__Methanosarcinales;f__Methanosarcinaceae;g__Methanosarcina;s__Methanosarcina sp024372725
RS_GCF_024372725.1,nifN,NZ_VOUA01000001.1_364_A,1.2e-30,104.2,0.0,59,488,389529-391127,-1,0,NZ_VOUA01000001.1,364,3,d__Archaea;p__Halobacteriota;c__Methanosarcinia;o__Methanosarcinales;f__Methanosarcinaceae;g__Methanosarcina;s__Methanosarcina sp024372725
RS_GCF_024372725.1,pchlide,NZ_VOUA01000001.1_364_A,1.1e-25,87.8,0.0,56,420,389529-391127,-1,0,NZ_VOUA01000001.1,364,3,d__Archaea;p__Halobacteriota;c__Methanosarcinia;o__Methanosarcinales;f__Methanosarcinaceae;g__Methanosarcina;s__Methanosarcina sp024372725
RS_GCF_024372725.1,nifE,NZ_VOUA01000001.1_364_A,6e-124,412.1,0.1,4,409,389529-391127,-1,0,NZ_VOUA01000001.1,364,3,d__Archaea;p__Halobacteriota;c__Methanosarcinia;o__Methanosarcinales;f__Methanosarcinaceae;g__Methanosarcina;s__Methanosarcina sp024372725
RS_GCF_024372725.1,nifD,NZ_VOUA01000001.1_364_A,1.6e-214,710.3,0.6,4,532,389529-391127,-1,0,NZ_VOUA01000001.1,364,3,d__Archaea;p__Halobacteriota;c__Methanosarcinia;o__Methanosarcinales;f__Methanosarcinaceae;g__Methanosarcina;s__Methanosarcina sp024372725
RS_GCF_024372725.1,nifNB,NZ_VOUA01000001.1_364_A,1.9e-15,53.6,0.1,55,276,389529-391127,-1,0,NZ_VOUA01000001.1,364,3,d__Archaea;p__Halobacteriota;c__Methanosarcinia;o__Methanosarcinales;f__Methanosarcinaceae;g__Methanosarcina;s__Methanosarcina sp024372725
RS_GCF_024372725.1,nifH,NZ_VOUA01000001.1_367_A,9.5e-137,453.1,1.8,0,273,391879-392700,-1,0,NZ_VOUA01000001.1,367,3,d__Archaea;p__Halobacteriota;c__Methanosarcinia;o__Methanosarcinales;f__Methanosarcinaceae;g__Methanosarcina;s__Methanosarcina sp024372725
RS_GCF_024372745.1,nifH,NZ_VOTZ01000005.1_32_A,1.1e-122,406.3,0.1,0,271,28013-28828,1,0,NZ_VOTZ01000005.1,32,1,d__Archaea;p__Halobacteriota;c__Methanomicrobia;o__Methanomicrobiales;f__Methanocorpusculaceae;g__Methanocalculus;s__Methanocalculus taiwanensis
RS_GCF_024372745.1,nifD,NZ_VOTZ01000005.1_33_A,8.1e-21,71.0,0.0,4,321,28788-29837,1,0,NZ_VOTZ01000005.1,33,1,d__Archaea;p__Halobacteriota;c__Methanomicrobia;o__Methanomicrobiales;f__Methanocorpusculaceae;g__Methanocalculus;s__Methanocalculus taiwanensis
RS_GCF_024372745.1,nifK,NZ_VOTZ01000005.1_33_B,0.28,6.7,0.0,199,315,28788-29837,1,0,NZ_VOTZ01000005.1,33,1,d__Archaea;p__Halobacteriota;c__Methanomicrobia;o__Methanomicrobiales;f__Methanocorpusculaceae;g__Methanocalculus;s__Methanocalculus taiwanensis
RS_GCF_024372745.1,nifK,NZ_VOTZ01000005.1_33_A,6.7e-12,41.8,0.0,11,197,28788-29837,1,0,NZ_VOTZ01000005.1,33,1,d__Archaea;p__Halobacteriota;c__Methanomicrobia;o__Methanomicrobiales;f__Methanocorpusculaceae;g__Methanocalculus;s__Methanocalculus taiwanensis
RS_GCF_024372745.1,nifE,NZ_VOTZ01000005.1_33_A,1.3e-28,96.8,0.0,5,278,28788-29837,1,0,NZ_VOTZ01000005.1,33,1,d__Archaea;p__Halobacteriota;c__Methanomicrobia;o__Methanomicrobiales;f__Methanocorpusculaceae;g__Methanocalculus;s__Methanocalculus taiwanensis
RS_GCF_024372745.1,nifNB,NZ_VOTZ01000005.1_33_A,4.9e-08,28.4,0.1,9,150,28788-29837,1,0,NZ_VOTZ01000005.1,33,1,d__Archaea;p__Halobacteriota;c__Methanomicrobia;o__Methanomicrobiales;f__Methanocorpusculaceae;g__Methanocalculus;s__Methanocalculus taiwanensis
RS_GCF_024372745.1,pchlide,NZ_VOTZ01000005.1_33_A,6.8e-16,55.0,0.0,11,282,28788-29837,1,0,NZ_VOTZ01000005.1,33,1,d__Archaea;p__Halobacteriota;c__Methanomicrobia;o__Methanomicrobiales;f__Methanocorpusculaceae;g__Methanocalculus;s__Methanocalculus taiwanensis
RS_GCF_024372745.1,nifN,NZ_VOTZ01000005.1_33_A,4e-19,65.6,0.2,10,317,28788-29837,1,0,NZ_VOTZ01000005.1,33,1,d__Archaea;p__Halobacteriota;c__Methanomicrobia;o__Methanomicrobiales;f__Methanocorpusculaceae;g__Methanocalculus;s__Methanocalculus taiwanensis
RS_GCF_024372745.1,nifK,NZ_VOTZ01000005.1_34_B,0.0012,14.5,0.0,284,372,29830-30948,1,0,NZ_VOTZ01000005.1,34,1,d__Archaea;p__Halobacteriota;c__Methanomicrobia;o__Methanomicrobiales;f__Methanocorpusculaceae;g__Methanocalculus;s__Methanocalculus taiwanensis
RS_GCF_024372745.1,nifK,NZ_VOTZ01000005.1_34_A,7.6e-10,35.0,0.0,1,197,29830-30948,1,0,NZ_VOTZ01000005.1,34,1,d__Archaea;p__Halobacteriota;c__Methanomicrobia;o__Methanomicrobiales;f__Methanocorpusculaceae;g__Methanocalculus;s__Methanocalculus taiwanensis
RS_GCF_024372745.1,nifD,NZ_VOTZ01000005.1_34_A,6.7e-07,25.1,0.0,9,162,29830-30948,1,0,NZ_VOTZ01000005.1,34,1,d__Archaea;p__Halobacteriota;c__Methanomicrobia;o__Methanomicrobiales;f__Methanocorpusculaceae;g__Methanocalculus;s__Methanocalculus taiwanensis
RS_GCF_024372745.1,nifE,NZ_VOTZ01000005.1_34_A,4.5e-17,58.7,0.0,6,192,29830-30948,1,0,NZ_VOTZ01000005.1,34,1,d__Archaea;p__Halobacteriota;c__Methanomicrobia;o__Methanomicrobiales;f__Methanocorpusculaceae;g__Methanocalculus;s__Methanocalculus taiwanensis
RS_GCF_024372745.1,nifN,NZ_VOTZ01000005.1_34_B,0.04,9.4,0.0,256,372,29830-30948,1,0,NZ_VOTZ01000005.1,34,1,d__Archaea;p__Halobacteriota;c__Methanomicrobia;o__Methanomicrobiales;f__Methanocorpusculaceae;g__Methanocalculus;s__Methanocalculus taiwanensis
RS_GCF_024372745.1,nifN,NZ_VOTZ01000005.1_34_A,3.4e-13,46.0,0.0,1,163,29830-30948,1,0,NZ_VOTZ01000005.1,34,1,d__Archaea;p__Halobacteriota;c__Methanomicrobia;o__Methanomicrobiales;f__Methanocorpusculaceae;g__Methanocalculus;s__Methanocalculus taiwanensis
RS_GCF_024372745.1,nifNB,NZ_VOTZ01000005.1_34_A,0.023,9.7,0.0,2,184,29830-30948,1,0,NZ_VOTZ01000005.1,34,1,d__Archaea;p__Halobacteriota;c__Methanomicrobia;o__Methanomicrobiales;f__Methanocorpusculaceae;g__Methanocalculus;s__Methanocalculus taiwanensis
